,Season,Seed_Team_ID_H,Seed_Team_ID_L,Team_ID_L,Team_ID_H,Outcome
0,1985,2,1,1207,1210,1
1,1985,3,2,1210,1228,1
2,1985,3,6,1208,1228,0
3,1985,4,1,1207,1260,1
4,1985,4,13,1233,1260,0
5,1985,5,4,1260,1374,1
6,1985,5,12,1330,1374,0
7,1985,7,2,1210,1393,1
8,1985,7,10,1177,1393,0
9,1985,8,1,1207,1396,1
10,1985,9,8,1396,1439,1
11,1985,11,6,1208,1455,1
12,1985,14,3,1228,1318,1
13,1985,15,2,1210,1273,1
14,1985,16,1,1207,1250,1
15,1985,1,1,1207,1385,1
16,1985,1,3,1301,1385,0
17,1985,1,9,1116,1385,0
18,1985,1,12,1246,1385,0
19,1985,1,16,1380,1385,0
20,1985,2,7,1104,1433,1
21,1985,2,15,1267,1433,0
22,1985,3,7,1104,1301,0
23,1985,4,12,1246,1424,1
24,1985,4,13,1361,1424,0
25,1985,5,12,1246,1449,1
26,1985,8,9,1116,1234,1
27,1985,10,7,1104,1112,1
28,1985,11,3,1301,1431,1
29,1985,11,6,1409,1431,0
30,1985,14,3,1301,1305,1
31,1985,1,2,1272,1328,1
32,1985,1,5,1256,1328,0
33,1985,1,9,1229,1328,0
34,1985,1,16,1299,1328,0
35,1985,2,11,1130,1272,0
36,1985,3,11,1130,1181,1
37,1985,4,5,1256,1326,1
38,1985,4,13,1235,1326,0
39,1985,6,11,1130,1403,1
40,1985,7,2,1272,1412,1
41,1985,7,10,1277,1412,0
42,1985,8,9,1229,1425,1
43,1985,12,5,1256,1338,1
44,1985,14,3,1181,1337,1
45,1985,15,2,1272,1335,1
46,1985,1,16,1192,1276,0
47,1985,2,11,1120,1314,0
48,1985,2,15,1292,1314,0
49,1985,3,11,1120,1242,1
50,1985,6,11,1120,1345,1
51,1985,7,2,1314,1323,1
52,1985,8,1,1207,1437,0
53,1985,8,2,1272,1437,0
54,1985,8,1,1276,1437,0
55,1985,8,2,1314,1437,0
56,1985,8,5,1268,1437,0
57,1985,8,9,1173,1437,0
58,1985,10,7,1323,1333,1
59,1985,12,5,1268,1275,1
60,1985,13,4,1261,1298,0
61,1985,13,5,1268,1298,1
62,1985,14,3,1242,1325,1
63,1986,1,12,1177,1181,0
64,1986,2,7,1298,1393,1
65,1986,2,15,1135,1393,0
66,1986,3,14,1156,1231,1
67,1986,4,12,1177,1328,1
68,1986,4,13,1318,1328,0
69,1986,5,12,1177,1438,1
70,1986,6,11,1350,1386,0
71,1986,6,14,1156,1386,1
72,1986,7,1,1181,1298,1
73,1986,7,14,1156,1298,0
74,1986,8,1,1181,1330,1
75,1986,9,8,1330,1452,1
76,1986,10,7,1298,1409,1
77,1986,16,1,1181,1290,1
78,1986,1,1,1181,1242,1
79,1986,2,7,1235,1276,1
80,1986,2,15,1103,1276,0
81,1986,3,14,1114,1323,1
82,1986,5,1,1242,1277,1
83,1986,5,4,1207,1277,0
84,1986,6,1,1242,1301,1
85,1986,6,7,1235,1301,0
86,1986,6,11,1234,1301,0
87,1986,6,14,1114,1301,0
88,1986,9,1,1242,1396,1
89,1986,9,8,1239,1396,0
90,1986,10,7,1235,1275,1
91,1986,12,5,1277,1449,1
92,1986,13,4,1207,1403,1
93,1986,16,1,1242,1299,1
94,1986,1,5,1104,1246,0
95,1986,1,16,1172,1246,0
96,1986,3,11,1261,1272,1
97,1986,3,14,1123,1272,0
98,1986,4,5,1104,1228,1
99,1986,4,13,1193,1228,0
100,1986,6,11,1261,1345,1
101,1986,7,10,1437,1439,1
102,1986,8,1,1246,1443,1
103,1986,8,9,1304,1443,0
104,1986,10,2,1210,1437,1
105,1986,11,1,1246,1261,0
106,1986,11,2,1210,1261,0
107,1986,11,2,1257,1261,1
108,1986,12,5,1104,1462,1
109,1986,15,2,1210,1265,1
110,1986,1,8,1120,1385,1
111,1986,1,16,1286,1385,0
112,1986,2,1,1181,1257,0
113,1986,2,7,1133,1257,0
114,1986,2,8,1120,1257,0
115,1986,2,15,1180,1257,0
116,1986,3,2,1257,1314,1
117,1986,4,5,1268,1424,0
118,1986,4,8,1120,1424,1
119,1986,4,13,1419,1424,0
120,1986,6,3,1314,1412,1
121,1986,6,11,1281,1412,0
122,1986,8,9,1112,1120,0
123,1986,10,7,1133,1431,1
124,1986,12,5,1268,1337,1
125,1986,14,3,1314,1428,1
126,1987,1,9,1276,1314,0
127,1987,2,1,1314,1393,0
128,1987,2,6,1196,1393,0
129,1987,2,15,1204,1393,0
130,1987,2,6,1344,1393,0
131,1987,2,1,1231,1393,1
132,1987,3,6,1196,1345,1
133,1987,3,14,1318,1345,0
134,1987,4,5,1323,1395,1
135,1987,4,13,1267,1395,0
136,1987,5,1,1314,1323,1
137,1987,5,12,1292,1323,0
138,1987,7,10,1443,1452,1
139,1987,8,9,1276,1298,1
140,1987,10,2,1393,1443,1
141,1987,11,6,1196,1301,1
142,1987,16,1,1314,1335,1
143,1987,1,16,1137,1207,0
144,1987,3,14,1122,1228,1
145,1987,5,1,1207,1242,1
146,1987,5,12,1222,1242,0
147,1987,6,1,1207,1344,0
148,1987,6,2,1104,1344,0
149,1987,6,14,1122,1344,0
150,1987,7,2,1104,1309,1
151,1987,7,10,1140,1309,0
152,1987,9,1,1207,1326,1
153,1987,9,8,1246,1326,0
154,1987,11,6,1344,1412,1
155,1987,13,4,1155,1283,0
156,1987,13,5,1242,1283,1
157,1987,15,2,1104,1299,1
158,1987,1,5,1181,1231,0
159,1987,1,8,1120,1231,0
160,1987,1,16,1193,1231,0
161,1987,2,10,1261,1396,1
162,1987,2,15,1380,1396,0
163,1987,6,3,1177,1385,1
164,1987,9,8,1120,1360,1
165,1987,10,1,1231,1261,1
166,1987,10,3,1177,1261,0
167,1987,10,7,1210,1261,0
168,1987,11,6,1385,1455,1
169,1987,12,5,1181,1401,1
170,1987,13,4,1281,1462,0
171,1987,13,5,1181,1462,1
172,1987,14,3,1177,1256,1
173,1987,1,1,1231,1424,1
174,1987,1,2,1234,1424,0
175,1987,1,9,1243,1424,0
176,1987,1,16,1226,1424,0
177,1987,3,6,1328,1338,1
178,1987,3,14,1265,1338,0
179,1987,4,13,1141,1417,0
180,1987,6,2,1234,1328,1
181,1987,7,2,1234,1431,1
182,1987,7,10,1112,1431,0
183,1987,9,8,1208,1243,0
184,1987,11,6,1328,1409,1
185,1987,12,1,1424,1461,1
186,1987,12,4,1417,1461,0
187,1987,12,5,1438,1461,0
188,1987,15,2,1234,1365,1
189,1988,1,2,1181,1396,1
190,1988,1,8,1207,1396,0
191,1988,1,13,1350,1396,0
192,1988,1,16,1250,1396,0
193,1988,2,15,1131,1181,0
194,1988,3,11,1348,1393,1
195,1988,3,14,1299,1393,0
196,1988,7,2,1181,1374,1
197,1988,7,10,1323,1374,0
198,1988,9,8,1207,1261,1
199,1988,11,2,1181,1348,1
200,1988,11,6,1281,1348,0
201,1988,12,5,1210,1235,1
202,1988,13,4,1231,1350,0
203,1988,13,5,1210,1350,0
204,1988,1,4,1243,1345,1
205,1988,1,9,1272,1345,0
206,1988,1,16,1192,1345,0
207,1988,2,15,1185,1338,0
208,1988,3,14,1293,1301,1
209,1988,4,5,1177,1243,0
210,1988,4,6,1242,1243,1
211,1988,6,2,1181,1242,0
212,1988,7,2,1338,1435,0
213,1988,7,6,1242,1435,1
214,1988,7,10,1429,1435,0
215,1988,9,8,1124,1272,0
216,1988,11,6,1242,1462,1
217,1988,12,5,1177,1455,1
218,1988,13,4,1243,1247,1
219,1988,14,6,1242,1293,1
220,1988,1,6,1242,1328,1
221,1988,1,5,1257,1328,0
222,1988,1,8,1120,1328,0
223,1988,1,16,1151,1328,0
224,1988,1,1,1112,1328,0
225,1988,5,4,1140,1257,0
226,1988,6,1,1328,1437,1
227,1988,6,2,1246,1437,0
228,1988,6,3,1228,1437,0
229,1988,6,11,1116,1437,0
230,1988,7,2,1246,1268,1
231,1988,9,8,1120,1133,1
232,1988,10,7,1268,1364,1
233,1988,12,5,1257,1333,1
234,1988,13,4,1140,1150,1
235,1988,14,3,1228,1427,1
236,1988,15,2,1246,1380,1
237,1988,2,1,1112,1314,1
238,1988,2,3,1276,1314,0
239,1988,2,10,1258,1314,0
240,1988,3,6,1196,1276,0
241,1988,3,14,1129,1276,0
242,1988,4,5,1234,1424,1
243,1988,4,13,1283,1424,0
244,1988,5,1,1112,1234,1
245,1988,5,12,1199,1234,0
246,1988,7,10,1258,1461,1
247,1988,8,1,1112,1371,1
248,1988,9,8,1371,1431,1
249,1988,11,6,1196,1385,1
250,1988,15,2,1314,1317,1
251,1988,16,1,1112,1165,1
252,1989,1,2,1181,1207,1
253,1989,3,14,1373,1390,1
254,1989,5,1,1207,1301,1
255,1989,5,4,1234,1301,0
256,1989,7,2,1181,1452,1
257,1989,7,10,1397,1452,0
258,1989,8,9,1323,1435,1
259,1989,9,1,1207,1323,1
260,1989,11,2,1181,1278,1
261,1989,11,6,1243,1278,0
262,1989,12,5,1301,1376,1
263,1989,13,4,1234,1353,1
264,1989,14,11,1278,1373,1
265,1989,15,2,1181,1354,1
266,1989,16,1,1207,1343,1
267,1989,2,15,1206,1231,0
268,1989,3,2,1181,1371,0
269,1989,3,2,1231,1371,0
270,1989,3,11,1191,1371,0
271,1989,3,14,1283,1371,0
272,1989,3,3,1276,1371,1
273,1989,4,1,1112,1424,0
274,1989,4,3,1371,1424,1
275,1989,4,12,1177,1424,0
276,1989,4,13,1225,1424,0
277,1989,5,12,1177,1272,1
278,1989,6,11,1191,1333,1
279,1989,7,2,1231,1431,1
280,1989,7,10,1261,1431,0
281,1989,8,9,1155,1388,1
282,1989,9,1,1112,1155,1
283,1989,16,1,1112,1352,1
284,1989,1,9,1123,1228,0
285,1989,2,1,1228,1393,1
286,1989,2,3,1281,1393,0
287,1989,2,10,1161,1393,0
288,1989,2,15,1137,1393,0
289,1989,3,14,1166,1281,0
290,1989,4,1,1228,1257,1
291,1989,4,5,1116,1257,0
292,1989,4,13,1114,1257,0
293,1989,7,10,1161,1196,1
294,1989,8,9,1123,1338,1
295,1989,11,3,1281,1400,1
296,1989,11,6,1210,1400,0
297,1989,12,5,1116,1258,1
298,1989,16,1,1228,1270,1
299,1989,1,9,1256,1328,0
300,1989,1,16,1190,1328,0
301,1989,2,3,1276,1314,1
302,1989,3,1,1228,1276,0
303,1989,5,1,1328,1438,0
304,1989,5,3,1276,1438,1
305,1989,5,12,1344,1438,0
306,1989,5,13,1292,1438,0
307,1989,7,2,1314,1417,1
308,1989,7,10,1235,1417,0
309,1989,9,8,1247,1256,0
310,1989,11,3,1276,1375,1
311,1989,11,6,1104,1375,0
312,1989,13,4,1199,1292,0
313,1989,14,3,1276,1462,1
314,1989,15,2,1314,1380,1
315,1990,1,5,1155,1163,0
316,1990,1,9,1143,1163,0
317,1990,1,16,1131,1163,0
318,1990,3,1,1163,1181,0
319,1990,3,4,1116,1181,0
320,1990,4,5,1155,1247,1
321,1990,5,12,1140,1155,0
322,1990,6,3,1181,1385,1
323,1990,7,2,1242,1417,0
324,1990,7,3,1181,1417,1
325,1990,7,10,1412,1417,0
326,1990,8,9,1143,1231,1
327,1990,11,6,1385,1396,1
328,1990,13,4,1247,1379,1
329,1990,14,3,1181,1350,1
330,1990,15,2,1242,1352,1
331,1990,1,8,1314,1328,1
332,1990,5,12,1173,1228,1
333,1990,6,3,1207,1462,0
334,1990,6,10,1400,1462,1
335,1990,6,11,1243,1462,0
336,1990,8,4,1116,1314,1
337,1990,8,9,1283,1314,0
338,1990,10,2,1345,1400,0
339,1990,10,4,1116,1400,1
340,1990,10,7,1208,1400,0
341,1990,12,4,1116,1173,1
342,1990,13,4,1116,1343,1
343,1990,14,3,1207,1411,1
344,1990,15,2,1345,1419,1
345,1990,16,1,1328,1406,1
346,1990,1,4,1210,1277,1
347,1990,2,6,1278,1393,1
348,1990,2,15,1164,1393,0
349,1990,4,13,1190,1210,0
350,1990,5,4,1210,1261,1
351,1990,6,4,1210,1278,1
352,1990,7,2,1393,1438,1
353,1990,7,10,1323,1438,0
354,1990,9,1,1277,1364,1
355,1990,9,8,1222,1364,0
356,1990,11,6,1278,1431,1
357,1990,12,5,1261,1437,1
358,1990,14,3,1281,1320,0
359,1990,14,6,1278,1320,1
360,1990,16,1,1277,1293,1
361,1990,1,3,1181,1424,0
362,1990,1,4,1210,1424,0
363,1990,1,8,1326,1424,0
364,1990,1,11,1258,1424,0
365,1990,1,12,1123,1424,0
366,1990,1,16,1114,1424,0
367,1990,2,7,1104,1112,1
368,1990,3,11,1258,1276,1
369,1990,3,14,1229,1276,0
370,1990,4,12,1123,1257,1
371,1990,4,13,1225,1257,0
372,1990,5,12,1123,1333,1
373,1990,6,11,1258,1308,1
374,1990,9,8,1326,1344,1
375,1990,10,7,1104,1161,1
376,1990,11,7,1104,1258,0
377,1990,15,2,1112,1378,1
378,1991,1,12,1185,1314,0
379,1991,1,3,1242,1314,1
380,1991,2,15,1350,1393,1
381,1991,3,6,1301,1329,0
382,1991,3,14,1307,1329,0
383,1991,4,13,1336,1417,1
384,1991,5,12,1185,1280,1
385,1991,9,1,1314,1437,1
386,1991,9,8,1343,1437,0
387,1991,10,1,1314,1396,1
388,1991,10,3,1329,1396,0
389,1991,10,7,1345,1396,0
390,1991,10,15,1350,1396,0
391,1991,11,6,1301,1379,1
392,1991,13,12,1185,1336,1
393,1991,16,1,1314,1318,1
394,1991,1,4,1104,1116,0
395,1991,1,8,1113,1116,0
396,1991,2,7,1199,1231,0
397,1991,2,15,1157,1231,0
398,1991,3,1,1116,1242,0
399,1991,3,2,1231,1242,0
400,1991,3,2,1181,1242,1
401,1991,5,4,1104,1448,1
402,1991,5,12,1256,1448,0
403,1991,6,3,1242,1338,1
404,1991,6,11,1208,1338,0
405,1991,9,8,1113,1353,1
406,1991,10,7,1199,1425,1
407,1991,13,4,1104,1293,1
408,1991,14,3,1242,1309,1
409,1991,16,1,1116,1209,1
410,1991,1,8,1210,1326,0
411,1991,2,11,1163,1181,0
412,1991,4,1,1326,1385,0
413,1991,4,2,1181,1385,1
414,1991,4,13,1296,1385,0
415,1991,5,4,1385,1400,1
416,1991,5,12,1389,1400,0
417,1991,6,11,1163,1261,1
418,1991,7,2,1181,1234,1
419,1991,7,10,1190,1234,0
420,1991,8,9,1177,1210,0
421,1991,14,3,1304,1462,0
422,1991,14,11,1163,1462,1
423,1991,15,2,1181,1419,1
424,1991,16,1,1326,1406,1
425,1991,1,2,1181,1424,1
426,1991,1,3,1371,1424,0
427,1991,1,8,1207,1424,0
428,1991,1,16,1285,1424,0
429,1991,3,2,1112,1371,0
430,1991,3,11,1166,1371,0
431,1991,3,14,1337,1371,0
432,1991,4,1,1424,1428,1
433,1991,4,5,1277,1428,0
434,1991,4,13,1375,1428,0
435,1991,6,11,1166,1308,1
436,1991,7,10,1140,1438,1
437,1991,9,8,1207,1435,1
438,1991,10,2,1112,1140,1
439,1991,12,5,1277,1453,1
440,1991,15,2,1112,1384,1
441,1992,1,16,1144,1181,0
442,1992,2,1,1181,1246,1
443,1992,2,10,1235,1246,0
444,1992,3,2,1246,1269,1
445,1992,3,14,1200,1269,0
446,1992,4,1,1181,1371,1
447,1992,4,5,1281,1371,0
448,1992,4,13,1247,1371,0
449,1992,6,3,1269,1393,1
450,1992,6,11,1343,1393,0
451,1992,8,9,1234,1400,1
452,1992,9,1,1181,1234,1
453,1992,10,7,1150,1235,0
454,1992,12,5,1281,1452,1
455,1992,15,2,1246,1330,1
456,1992,1,2,1231,1417,1
457,1992,1,8,1257,1417,0
458,1992,1,12,1308,1417,0
459,1992,1,16,1352,1417,0
460,1992,2,1,1181,1231,1
461,1992,2,3,1199,1231,0
462,1992,2,15,1183,1231,0
463,1992,6,3,1199,1207,1
464,1992,7,2,1231,1261,1
465,1992,7,10,1140,1261,0
466,1992,9,8,1257,1448,1
467,1992,11,6,1207,1378,1
468,1992,12,5,1177,1308,0
469,1992,13,4,1328,1418,0
470,1992,13,12,1308,1418,1
471,1992,14,3,1199,1285,1
472,1992,1,16,1224,1242,0
473,1992,2,7,1210,1425,1
474,1992,2,15,1419,1425,0
475,1992,5,4,1153,1277,1
476,1992,6,3,1116,1272,0
477,1992,6,4,1153,1272,1
478,1992,6,7,1210,1272,0
479,1992,9,1,1242,1431,0
480,1992,9,4,1153,1431,1
481,1992,9,8,1191,1431,0
482,1992,10,7,1210,1222,1
483,1992,11,6,1272,1337,1
484,1992,12,5,1277,1283,1
485,1992,13,4,1153,1174,1
486,1992,14,3,1116,1293,1
487,1992,1,4,1314,1326,0
488,1992,1,6,1276,1326,1
489,1992,1,9,1163,1326,0
490,1992,1,16,1290,1326,0
491,1992,2,6,1276,1329,1
492,1992,2,15,1204,1329,0
493,1992,4,5,1104,1314,0
494,1992,4,13,1275,1314,0
495,1992,6,1,1181,1276,1
496,1992,6,4,1153,1276,0
497,1992,6,14,1190,1276,0
498,1992,8,9,1163,1304,1
499,1992,10,2,1329,1408,1
500,1992,10,7,1385,1408,0
501,1992,11,6,1276,1396,1
502,1992,12,5,1104,1390,1
503,1992,14,3,1112,1190,0
504,1993,1,2,1153,1314,0
505,1993,1,4,1116,1314,0
506,1993,1,16,1187,1314,0
507,1993,1,2,1242,1314,0
508,1993,1,1,1276,1314,0
509,1993,5,4,1116,1385,1
510,1993,6,2,1153,1438,1
511,1993,6,3,1269,1438,0
512,1993,6,11,1264,1438,0
513,1993,7,2,1153,1308,1
514,1993,7,10,1304,1308,0
515,1993,8,1,1314,1348,1
516,1993,8,9,1345,1348,0
517,1993,12,5,1385,1403,1
518,1993,13,4,1116,1221,1
519,1993,14,3,1269,1335,1
520,1993,15,2,1153,1164,1
521,1993,2,1,1231,1242,0
522,1993,2,6,1143,1242,0
523,1993,2,7,1140,1242,0
524,1993,2,15,1123,1242,0
525,1993,3,6,1143,1181,1
526,1993,4,1,1231,1257,1
527,1993,4,13,1174,1257,0
528,1993,5,4,1257,1329,1
529,1993,5,12,1266,1329,0
530,1993,9,1,1231,1462,1
531,1993,9,8,1309,1462,0
532,1993,10,7,1140,1374,1
533,1993,11,6,1143,1261,1
534,1993,14,3,1181,1356,1
535,1993,16,1,1231,1460,1
536,1993,1,3,1199,1246,0
537,1993,3,14,1191,1199,0
538,1993,5,1,1246,1448,1
539,1993,5,4,1234,1448,0
540,1993,5,12,1151,1448,0
541,1993,7,2,1371,1443,0
542,1993,7,3,1199,1443,1
543,1993,7,10,1272,1443,0
544,1993,8,1,1246,1428,1
545,1993,8,9,1338,1428,0
546,1993,11,3,1199,1408,1
547,1993,11,6,1243,1408,0
548,1993,13,4,1234,1419,1
549,1993,15,2,1371,1398,1
550,1993,16,1,1246,1351,1
551,1993,1,1,1246,1276,0
552,1993,1,12,1203,1276,0
553,1993,1,16,1157,1276,0
554,1993,3,6,1228,1435,0
555,1993,3,7,1396,1435,1
556,1993,3,14,1129,1435,0
557,1993,5,12,1203,1307,1
558,1993,7,1,1276,1396,1
559,1993,7,10,1281,1396,0
560,1993,7,15,1365,1396,0
561,1993,9,1,1276,1417,1
562,1993,9,8,1235,1417,0
563,1993,11,6,1228,1253,1
564,1993,13,4,1210,1380,0
565,1993,13,12,1203,1380,1
566,1993,15,2,1112,1365,0
567,1994,1,9,1130,1314,1
568,1994,1,16,1251,1314,0
569,1994,3,2,1163,1196,0
570,1994,3,9,1130,1196,0
571,1994,3,2,1181,1196,1
572,1994,4,5,1231,1396,1
573,1994,4,13,1180,1396,0
574,1994,5,9,1130,1231,1
575,1994,7,10,1203,1412,1
576,1994,8,9,1130,1450,1
577,1994,10,2,1163,1203,1
578,1994,11,3,1196,1335,1
579,1994,11,6,1304,1335,0
580,1994,12,5,1231,1325,1
581,1994,14,3,1196,1241,1
582,1994,15,2,1163,1351,1
583,1994,1,2,1181,1345,1
584,1994,1,4,1242,1345,0
585,1994,1,9,1104,1345,0
586,1994,2,1,1116,1181,1
587,1994,4,13,1151,1242,0
588,1994,5,4,1242,1448,1
589,1994,5,12,1158,1448,0
590,1994,6,2,1181,1266,1
591,1994,6,3,1246,1266,0
592,1994,7,2,1181,1277,1
593,1994,8,9,1104,1344,1
594,1994,10,7,1277,1371,1
595,1994,11,6,1266,1418,1
596,1994,14,3,1246,1398,1
597,1994,15,2,1181,1411,1
598,1994,16,1,1345,1416,1
599,1994,1,2,1112,1116,0
600,1994,2,10,1268,1269,1
601,1994,3,1,1116,1276,1
602,1994,3,10,1268,1276,0
603,1994,4,13,1308,1329,0
604,1994,5,12,1409,1417,1
605,1994,6,3,1276,1400,1
606,1994,7,10,1268,1387,1
607,1994,8,9,1207,1228,1
608,1994,9,1,1116,1207,1
609,1994,11,6,1400,1443,1
610,1994,12,1,1116,1409,1
611,1994,12,4,1329,1409,0
612,1994,14,3,1276,1337,1
613,1994,15,2,1269,1402,1
614,1994,16,1,1116,1299,1
615,1994,1,2,1112,1281,1
616,1994,3,2,1112,1257,1
617,1994,3,14,1129,1257,0
618,1994,4,1,1281,1393,1
619,1994,4,13,1218,1393,0
620,1994,6,3,1257,1278,1
621,1994,7,2,1112,1438,1
622,1994,7,10,1307,1438,0
623,1994,9,1,1281,1458,1
624,1994,9,8,1153,1458,0
625,1994,11,6,1278,1356,1
626,1994,12,4,1393,1453,1
627,1994,12,5,1143,1453,0
628,1994,15,2,1112,1259,1
629,1994,16,1,1281,1298,1
630,1995,1,4,1329,1448,1
631,1995,1,9,1387,1448,0
632,1995,1,16,1299,1448,0
633,1995,3,14,1330,1437,1
634,1995,4,2,1269,1329,0
635,1995,4,5,1104,1329,0
636,1995,4,13,1180,1329,0
637,1995,6,2,1269,1409,1
638,1995,6,11,1228,1409,0
639,1995,6,14,1330,1409,0
640,1995,9,8,1278,1387,0
641,1995,10,2,1269,1390,1
642,1995,10,7,1150,1390,0
643,1995,12,5,1104,1335,1
644,1995,15,2,1269,1389,1
645,1995,1,4,1329,1417,0
646,1995,1,2,1163,1417,0
647,1995,1,5,1280,1417,0
648,1995,1,8,1281,1417,0
649,1995,1,16,1198,1417,0
650,1995,1,2,1116,1417,0
651,1995,2,7,1153,1163,0
652,1995,2,15,1151,1163,0
653,1995,3,2,1163,1268,1
654,1995,3,14,1211,1268,0
655,1995,4,5,1280,1428,1
656,1995,4,13,1253,1428,0
657,1995,8,9,1231,1281,0
658,1995,10,7,1153,1396,1
659,1995,11,3,1268,1400,1
660,1995,11,6,1332,1400,0
661,1995,12,5,1280,1365,1
662,1995,1,16,1159,1242,0
663,1995,3,6,1272,1345,1
664,1995,4,1,1242,1438,0
665,1995,4,2,1116,1438,1
666,1995,4,12,1275,1438,0
667,1995,4,13,1311,1438,0
668,1995,6,2,1116,1272,1
669,1995,6,11,1257,1272,0
670,1995,7,2,1116,1393,1
671,1995,7,10,1356,1393,0
672,1995,8,1,1242,1443,1
673,1995,8,9,1276,1443,0
674,1995,12,5,1112,1275,0
675,1995,14,3,1345,1453,1
676,1995,15,2,1116,1411,1
677,1995,1,5,1113,1246,0
678,1995,2,2,1116,1314,1
679,1995,2,1,1246,1314,0
680,1995,2,6,1207,1314,0
681,1995,2,7,1235,1314,0
682,1995,2,15,1293,1314,0
683,1995,4,13,1264,1328,1
684,1995,7,10,1196,1235,0
685,1995,9,1,1246,1408,1
686,1995,9,8,1140,1408,0
687,1995,11,6,1207,1462,1
688,1995,12,5,1113,1123,1
689,1995,13,5,1113,1264,1
690,1995,14,3,1277,1451,0
691,1995,14,6,1207,1451,1
692,1995,16,1,1246,1291,1
693,1996,1,2,1207,1269,0
694,1996,1,12,1116,1269,0
695,1996,1,1,1246,1269,1
696,1996,3,2,1207,1403,1
697,1996,3,6,1314,1403,0
698,1996,3,14,1296,1403,0
699,1996,4,12,1116,1266,1
700,1996,5,12,1116,1336,1
701,1996,6,11,1309,1314,0
702,1996,7,2,1207,1307,1
703,1996,7,10,1243,1307,0
704,1996,9,1,1269,1390,1
705,1996,9,8,1133,1390,0
706,1996,13,4,1266,1284,1
707,1996,15,2,1207,1290,1
708,1996,16,1,1269,1416,1
709,1996,2,1,1246,1448,1
710,1996,2,6,1257,1448,0
711,1996,2,10,1400,1448,0
712,1996,2,15,1419,1448,0
713,1996,3,6,1257,1437,1
714,1996,3,14,1339,1437,0
715,1996,4,1,1246,1428,1
716,1996,4,5,1235,1428,0
717,1996,4,13,1145,1428,0
718,1996,5,12,1143,1235,0
719,1996,8,9,1439,1453,1
720,1996,9,1,1246,1439,1
721,1996,10,7,1276,1400,0
722,1996,11,6,1257,1409,1
723,1996,16,1,1246,1363,1
724,1996,1,16,1159,1163,0
725,1996,3,2,1153,1210,1
726,1996,3,11,1130,1210,0
727,1996,3,14,1122,1210,0
728,1996,4,13,1343,1417,1
729,1996,5,1,1163,1280,0
730,1996,5,2,1153,1280,0
731,1996,6,11,1130,1231,1
732,1996,7,2,1153,1396,1
733,1996,7,10,1328,1396,0
734,1996,9,1,1163,1185,1
735,1996,9,8,1181,1185,0
736,1996,12,5,1280,1433,1
737,1996,13,5,1280,1343,1
738,1996,15,2,1153,1422,1
739,1996,1,8,1208,1345,1
740,1996,2,3,1112,1242,0
741,1996,4,1,1246,1393,1
742,1996,4,5,1280,1393,0
743,1996,4,2,1242,1393,0
744,1996,4,8,1208,1393,0
745,1996,4,12,1180,1393,0
746,1996,4,13,1286,1393,0
747,1996,5,12,1180,1272,1
748,1996,6,3,1112,1234,1
749,1996,6,11,1203,1234,0
750,1996,8,9,1155,1208,0
751,1996,10,2,1242,1365,1
752,1996,10,7,1268,1365,0
753,1996,14,3,1112,1434,1
754,1996,15,2,1242,1354,1
755,1996,16,1,1345,1441,1
756,1997,1,5,1143,1314,0
757,1997,1,6,1257,1314,0
758,1997,1,9,1160,1314,0
759,1997,1,16,1193,1314,0
760,1997,1,4,1112,1314,1
761,1997,2,15,1164,1376,1
762,1997,3,6,1257,1307,1
763,1997,4,5,1143,1437,1
764,1997,4,13,1254,1437,0
765,1997,7,10,1400,1458,1
766,1997,8,9,1160,1231,1
767,1997,10,6,1257,1400,1
768,1997,10,15,1164,1400,0
769,1997,11,6,1257,1269,1
770,1997,12,5,1143,1343,1
771,1997,14,3,1307,1330,1
772,1997,1,4,1112,1242,1
773,1997,1,16,1238,1242,0
774,1997,3,14,1151,1208,1
775,1997,5,12,1158,1268,1
776,1997,6,14,1151,1228,1
777,1997,8,1,1242,1345,1
778,1997,9,8,1345,1348,1
779,1997,10,2,1181,1344,0
780,1997,10,4,1112,1344,1
781,1997,10,7,1266,1344,0
782,1997,10,14,1151,1344,0
783,1997,11,6,1228,1425,1
784,1997,12,4,1112,1158,1
785,1997,13,4,1112,1375,1
786,1997,15,2,1181,1293,1
787,1997,1,4,1155,1278,0
788,1997,1,1,1246,1278,1
789,1997,2,1,1278,1417,1
790,1997,2,6,1235,1417,0
791,1997,2,15,1149,1417,0
792,1997,3,14,1139,1153,0
793,1997,5,4,1155,1409,1
794,1997,5,12,1131,1409,0
795,1997,6,3,1153,1235,0
796,1997,6,11,1229,1235,0
797,1997,7,2,1417,1462,1
798,1997,7,10,1435,1462,0
799,1997,9,1,1278,1396,1
800,1997,9,8,1279,1396,0
801,1997,13,4,1155,1275,1
802,1997,16,1,1278,1402,1
803,1997,1,4,1112,1246,1
804,1997,1,8,1234,1246,0
805,1997,2,1,1246,1428,1
806,1997,2,6,1390,1428,0
807,1997,2,7,1150,1428,0
808,1997,2,15,1298,1428,0
809,1997,3,6,1390,1448,1
810,1997,3,14,1388,1448,0
811,1997,4,1,1246,1386,1
812,1997,4,5,1130,1386,0
813,1997,4,13,1334,1386,0
814,1997,6,11,1328,1390,0
815,1997,9,8,1234,1438,1
816,1997,10,7,1150,1207,1
817,1997,12,5,1130,1434,1
818,1997,16,1,1246,1285,1
819,1998,1,2,1163,1314,0
820,1998,1,4,1277,1314,0
821,1998,1,8,1150,1314,0
822,1998,1,16,1298,1314,0
823,1998,3,14,1350,1376,1
824,1998,4,13,1185,1277,0
825,1998,5,4,1277,1343,1
826,1998,6,11,1449,1462,1
827,1998,7,2,1163,1231,1
828,1998,9,8,1150,1227,1
829,1998,10,7,1231,1328,1
830,1998,11,2,1163,1449,1
831,1998,11,14,1350,1449,0
832,1998,12,5,1343,1424,1
833,1998,15,2,1163,1192,1
834,1998,3,1,1314,1428,0
835,1998,3,1,1112,1428,0
836,1998,3,6,1116,1428,0
837,1998,3,14,1362,1428,0
838,1998,3,2,1246,1428,1
839,1998,4,1,1112,1268,1
840,1998,4,5,1228,1268,0
841,1998,8,9,1229,1397,1
842,1998,9,1,1112,1229,1
843,1998,10,2,1153,1452,0
844,1998,10,3,1428,1452,1
845,1998,10,7,1396,1452,0
846,1998,11,6,1116,1304,1
847,1998,12,5,1228,1375,1
848,1998,13,4,1268,1429,1
849,1998,15,2,1153,1319,1
850,1998,16,1,1112,1311,1
851,1998,2,10,1178,1345,0
852,1998,2,15,1174,1345,0
853,1998,3,2,1345,1390,0
854,1998,3,8,1348,1390,0
855,1998,3,14,1158,1390,0
856,1998,3,2,1246,1390,1
857,1998,5,12,1199,1395,1
858,1998,7,10,1178,1385,1
859,1998,8,1,1242,1348,0
860,1998,8,9,1293,1348,0
861,1998,11,3,1390,1444,1
862,1998,11,6,1155,1444,0
863,1998,13,4,1279,1434,0
864,1998,13,8,1348,1434,1
865,1998,13,12,1199,1434,0
866,1998,16,1,1242,1341,1
867,1998,2,1,1181,1246,0
868,1998,3,14,1172,1276,0
869,1998,4,13,1139,1307,0
870,1998,5,1,1181,1393,1
871,1998,5,4,1307,1393,0
872,1998,5,12,1233,1393,0
873,1998,6,2,1246,1417,1
874,1998,6,3,1276,1417,0
875,1998,6,11,1274,1417,0
876,1998,8,1,1181,1329,1
877,1998,8,9,1203,1329,0
878,1998,10,2,1246,1387,1
879,1998,10,7,1269,1387,0
880,1998,15,2,1246,1354,1
881,1998,16,1,1181,1347,1
882,1999,1,1,1163,1181,1
883,1999,2,15,1248,1274,0
884,1999,4,12,1283,1397,1
885,1999,4,13,1174,1397,0
886,1999,5,12,1283,1458,1
887,1999,6,1,1181,1396,1
888,1999,6,3,1153,1396,0
889,1999,6,10,1345,1396,0
890,1999,6,11,1245,1396,0
891,1999,7,10,1345,1400,1
892,1999,9,1,1181,1409,1
893,1999,9,8,1158,1409,0
894,1999,10,2,1274,1345,0
895,1999,12,1,1181,1283,1
896,1999,14,3,1153,1206,1
897,1999,16,1,1181,1197,1
898,1999,1,1,1181,1277,1
899,1999,1,3,1246,1277,0
900,1999,2,10,1275,1428,1
901,1999,2,15,1117,1428,0
902,1999,3,6,1242,1246,0
903,1999,6,11,1191,1242,0
904,1999,7,10,1275,1449,1
905,1999,8,9,1279,1437,1
906,1999,9,1,1277,1279,1
907,1999,10,3,1246,1275,1
908,1999,12,5,1150,1348,1
909,1999,13,1,1277,1328,1
910,1999,13,4,1112,1328,0
911,1999,13,5,1150,1328,0
912,1999,14,3,1246,1308,1
913,1999,16,1,1277,1291,1
914,1999,2,10,1166,1268,0
915,1999,3,2,1268,1385,0
916,1999,3,4,1326,1385,1
917,1999,3,6,1231,1385,0
918,1999,3,14,1359,1385,0
919,1999,4,1,1120,1326,0
920,1999,4,12,1178,1326,0
921,1999,4,13,1293,1326,0
922,1999,4,1,1163,1326,1
923,1999,5,12,1178,1417,1
924,1999,6,11,1203,1231,0
925,1999,7,10,1166,1257,1
926,1999,8,9,1329,1393,1
927,1999,9,1,1120,1329,1
928,1999,15,2,1268,1434,1
929,1999,16,1,1120,1457,1
930,1999,2,10,1211,1390,1
931,1999,2,15,1108,1390,0
932,1999,5,1,1163,1234,1
933,1999,5,4,1116,1234,0
934,1999,7,10,1211,1278,1
935,1999,9,1,1163,1307,1
936,1999,9,8,1281,1307,0
937,1999,10,1,1163,1211,1
938,1999,10,6,1196,1211,0
939,1999,11,6,1196,1335,1
940,1999,12,5,1234,1412,1
941,1999,13,4,1116,1373,1
942,1999,14,3,1314,1451,0
943,1999,14,6,1196,1451,1
944,1999,16,1,1163,1427,1
945,2000,2,10,1371,1396,1
946,2000,2,15,1248,1396,0
947,2000,3,5,1196,1329,1
948,2000,3,14,1220,1329,0
949,2000,4,5,1196,1228,1
950,2000,5,1,1181,1196,0
951,2000,5,12,1139,1196,0
952,2000,8,1,1181,1242,1
953,2000,8,9,1177,1242,0
954,2000,10,3,1329,1371,1
955,2000,10,7,1332,1371,0
956,2000,11,3,1329,1337,1
957,2000,11,6,1231,1337,0
958,2000,13,4,1228,1335,1
959,2000,16,1,1181,1249,1
960,2000,1,8,1314,1390,1
961,2000,1,16,1354,1390,0
962,2000,3,6,1274,1326,1
963,2000,3,14,1111,1326,0
964,2000,4,5,1163,1397,0
965,2000,4,8,1314,1397,1
966,2000,6,11,1116,1274,0
967,2000,7,2,1153,1409,0
968,2000,7,6,1274,1409,0
969,2000,7,8,1314,1409,1
970,2000,8,5,1196,1314,1
971,2000,8,9,1281,1314,0
972,2000,10,7,1409,1424,1
973,2000,12,5,1163,1429,1
974,2000,13,4,1397,1418,1
975,2000,15,2,1153,1423,1
976,2000,1,5,1196,1277,0
977,2000,1,2,1235,1277,0
978,2000,2,7,1120,1235,0
979,2000,2,15,1148,1235,0
980,2000,3,14,1233,1268,0
981,2000,4,1,1277,1393,1
982,2000,4,5,1246,1393,0
983,2000,4,13,1359,1393,0
984,2000,6,2,1235,1417,1
985,2000,6,3,1268,1417,0
986,2000,6,11,1123,1417,0
987,2000,8,1,1277,1428,1
988,2000,8,9,1387,1428,0
989,2000,10,7,1120,1166,1
990,2000,12,5,1246,1382,1
991,2000,16,1,1277,1434,1
992,2000,2,10,1211,1385,1
993,2000,2,15,1319,1385,0
994,2000,5,4,1261,1400,1
995,2000,5,12,1232,1400,0
996,2000,6,3,1328,1345,0
997,2000,6,10,1211,1345,0
998,2000,6,11,1173,1345,0
999,2000,7,10,1211,1257,1
1000,2000,8,1,1277,1458,1
1001,2000,8,1,1112,1458,0
1002,2000,8,4,1261,1458,0
1003,2000,8,6,1345,1458,0
1004,2000,8,9,1201,1458,0
1005,2000,13,4,1261,1369,1
1006,2000,14,3,1328,1457,1
1007,2000,16,1,1112,1238,1
1008,2001,1,2,1112,1181,0
1009,2001,2,7,1234,1246,0
1010,2001,2,15,1221,1246,0
1011,2001,4,1,1181,1417,1
1012,2001,4,13,1220,1417,0
1013,2001,6,1,1181,1425,1
1014,2001,6,2,1246,1425,0
1015,2001,6,3,1130,1425,0
1016,2001,6,11,1329,1425,0
1017,2001,7,10,1166,1234,0
1018,2001,9,1,1181,1281,1
1019,2001,9,8,1208,1281,0
1020,2001,12,4,1417,1429,1
1021,2001,12,5,1326,1429,0
1022,2001,14,3,1130,1381,1
1023,2001,16,1,1181,1284,1
1024,2001,1,3,1268,1390,1
1025,2001,1,5,1153,1390,0
1026,2001,1,9,1386,1390,0
1027,2001,2,15,1214,1235,1
1028,2001,3,1,1181,1268,1
1029,2001,3,10,1207,1268,0
1030,2001,3,11,1209,1268,0
1031,2001,3,14,1206,1268,0
1032,2001,5,12,1140,1153,0
1033,2001,6,11,1209,1458,1
1034,2001,9,8,1210,1386,0
1035,2001,10,7,1116,1207,0
1036,2001,13,4,1231,1245,0
1037,2001,13,5,1153,1245,1
1038,2001,15,10,1207,1214,1
1039,2001,16,1,1390,1422,1
1040,2001,1,2,1112,1228,1
1041,2001,1,9,1150,1228,0
1042,2001,3,2,1112,1279,1
1043,2001,3,14,1233,1279,0
1044,2001,4,1,1228,1242,1
1045,2001,4,13,1169,1242,0
1046,2001,5,4,1242,1393,1
1047,2001,5,12,1218,1393,0
1048,2001,6,3,1279,1323,1
1049,2001,7,10,1139,1448,1
1050,2001,8,9,1150,1397,1
1051,2001,10,2,1112,1139,1
1052,2001,11,6,1323,1462,1
1053,2001,15,2,1112,1183,1
1054,2001,16,1,1228,1322,1
1055,2001,16,16,1322,1457,1
1056,2001,1,2,1112,1277,1
1057,2001,1,9,1201,1277,0
1058,2001,1,12,1211,1277,0
1059,2001,1,16,1106,1277,0
1060,2001,4,13,1232,1328,1
1061,2001,5,12,1211,1438,1
1062,2001,6,11,1396,1400,1
1063,2001,7,2,1314,1336,0
1064,2001,9,8,1143,1201,0
1065,2001,10,7,1336,1344,1
1066,2001,11,1,1277,1396,1
1067,2001,11,3,1196,1396,0
1068,2001,11,7,1336,1396,0
1069,2001,13,12,1211,1232,1
1070,2001,14,3,1196,1443,1
1071,2001,15,2,1314,1343,1
1072,2002,1,2,1163,1268,0
1073,2002,1,4,1246,1268,0
1074,2002,1,1,1242,1268,0
1075,2002,1,5,1231,1268,0
1076,2002,6,11,1356,1403,1
1077,2002,7,2,1163,1301,1
1078,2002,7,10,1277,1301,0
1079,2002,8,1,1268,1458,1
1080,2002,8,9,1385,1458,0
1081,2002,11,2,1163,1356,1
1082,2002,11,3,1208,1356,0
1083,2002,12,4,1246,1409,1
1084,2002,12,5,1266,1409,0
1085,2002,13,4,1246,1434,1
1086,2002,14,3,1208,1293,1
1087,2002,15,2,1163,1214,1
1088,2002,16,1,1268,1373,1
1089,2002,16,16,1108,1373,0
1090,2002,1,4,1228,1242,0
1091,2002,1,16,1221,1242,0
1092,2002,2,1,1242,1332,1
1093,2002,2,15,1285,1332,0
1094,2002,3,14,1270,1280,0
1095,2002,4,12,1166,1228,0
1096,2002,5,12,1166,1196,1
1097,2002,6,2,1332,1400,1
1098,2002,6,3,1280,1400,0
1099,2002,6,11,1130,1400,0
1100,2002,7,2,1332,1448,1
1101,2002,7,10,1337,1448,0
1102,2002,8,1,1242,1390,1
1103,2002,9,8,1390,1443,1
1104,2002,13,4,1228,1361,1
1105,2002,3,6,1143,1338,0
1106,2002,3,10,1245,1338,1
1107,2002,3,14,1148,1338,0
1108,2002,4,13,1423,1425,1
1109,2002,5,1,1181,1231,0
1110,2002,7,10,1245,1329,1
1111,2002,8,1,1181,1323,1
1112,2002,8,9,1150,1323,0
1113,2002,10,2,1104,1245,0
1114,2002,10,5,1231,1245,1
1115,2002,11,6,1143,1335,1
1116,2002,12,5,1231,1428,1
1117,2002,13,5,1231,1423,1
1118,2002,15,2,1104,1194,1
1119,2002,16,1,1181,1457,1
1120,2002,1,16,1131,1153,0
1121,2002,2,5,1231,1328,1
1122,2002,2,3,1112,1328,0
1123,2002,2,12,1281,1328,0
1124,2002,2,15,1227,1328,0
1125,2002,4,12,1281,1326,1
1126,2002,4,13,1172,1326,0
1127,2002,7,2,1328,1462,1
1128,2002,7,10,1218,1462,0
1129,2002,8,1,1153,1417,0
1130,2002,8,9,1279,1417,0
1131,2002,8,12,1281,1417,1
1132,2002,11,3,1112,1461,1
1133,2002,11,6,1211,1461,0
1134,2002,12,5,1274,1281,0
1135,2002,14,3,1112,1364,1
1136,2003,1,8,1143,1328,0
1137,2003,1,12,1139,1328,0
1138,2003,2,10,1120,1448,1
1139,2003,2,15,1190,1448,0
1140,2003,3,1,1328,1393,0
1141,2003,3,6,1329,1393,0
1142,2003,3,10,1120,1393,0
1143,2003,3,14,1264,1393,0
1144,2003,3,2,1242,1393,0
1145,2003,4,12,1139,1257,1
1146,2003,4,13,1122,1257,0
1147,2003,5,12,1139,1280,1
1148,2003,7,10,1120,1386,1
1149,2003,9,8,1143,1301,1
1150,2003,11,6,1329,1335,1
1151,2003,16,1,1328,1354,1
1152,2003,1,3,1393,1400,1
1153,2003,1,5,1163,1400,0
1154,2003,1,7,1277,1400,0
1155,2003,1,9,1345,1400,0
1156,2003,3,6,1268,1462,1
1157,2003,3,14,1407,1462,0
1158,2003,4,5,1163,1390,1
1159,2003,4,13,1360,1390,0
1160,2003,5,12,1140,1163,0
1161,2003,7,2,1196,1277,0
1162,2003,7,6,1268,1277,0
1163,2003,7,10,1160,1277,0
1164,2003,9,8,1261,1345,0
1165,2003,11,6,1268,1423,1
1166,2003,15,2,1196,1358,1
1167,2003,16,1,1400,1421,1
1168,2003,16,16,1411,1421,0
1169,2003,1,16,1237,1246,0
1170,2003,2,3,1266,1338,1
1171,2003,2,7,1231,1338,0
1172,2003,3,1,1246,1266,0
1173,2003,3,14,1221,1266,0
1174,2003,3,2,1242,1266,1
1175,2003,5,1,1246,1458,1
1176,2003,5,12,1451,1458,0
1177,2003,5,13,1409,1458,0
1178,2003,6,3,1266,1281,1
1179,2003,7,10,1104,1231,0
1180,2003,9,1,1246,1428,1
1181,2003,9,8,1332,1428,0
1182,2003,11,6,1281,1356,1
1183,2003,13,4,1173,1409,0
1184,2003,15,2,1338,1447,1
1185,2003,2,1,1112,1242,0
1186,2003,2,3,1181,1242,0
1187,2003,2,10,1113,1242,0
1188,2003,3,11,1141,1181,0
1189,2003,3,14,1161,1181,0
1190,2003,5,1,1112,1323,1
1191,2003,5,4,1228,1323,0
1192,2003,6,11,1141,1166,1
1193,2003,7,10,1113,1272,1
1194,2003,9,1,1112,1211,1
1195,2003,9,8,1153,1211,0
1196,2003,12,5,1323,1454,1
1197,2003,13,4,1228,1443,1
1198,2003,15,2,1242,1429,1
1199,2003,16,1,1112,1436,1
1200,2004,1,16,1106,1181,0
1201,2004,1,2,1163,1181,1
1202,2004,3,6,1314,1400,0
1203,2004,3,14,1343,1400,0
1204,2004,5,1,1181,1228,1
1205,2004,5,4,1153,1228,0
1206,2004,6,11,1102,1314,0
1207,2004,7,1,1181,1462,1
1208,2004,7,2,1280,1462,0
1209,2004,7,3,1400,1462,0
1210,2004,7,10,1257,1462,0
1211,2004,8,1,1181,1371,1
1212,2004,8,9,1112,1371,0
1213,2004,12,5,1228,1293,1
1214,2004,13,4,1153,1190,1
1215,2004,15,2,1280,1284,1
1216,2004,1,8,1104,1390,1
1217,2004,2,8,1104,1163,0
1218,2004,5,4,1268,1393,0
1219,2004,5,8,1104,1393,1
1220,2004,5,12,1140,1393,0
1221,2004,6,2,1163,1435,1
1222,2004,6,3,1301,1435,0
1223,2004,7,2,1163,1177,1
1224,2004,7,10,1173,1177,0
1225,2004,9,8,1104,1356,1
1226,2004,11,6,1435,1444,1
1227,2004,13,4,1268,1431,1
1228,2004,14,3,1301,1418,1
1229,2004,15,2,1163,1436,1
1230,2004,16,1,1390,1427,1
1231,2004,1,2,1329,1386,1
1232,2004,1,16,1251,1386,0
1233,2004,2,7,1272,1329,0
1234,2004,2,15,1186,1329,0
1235,2004,2,3,1210,1329,1
1236,2004,3,2,1329,1338,1
1237,2004,4,1,1386,1448,1
1238,2004,4,12,1264,1448,0
1239,2004,4,13,1433,1448,0
1240,2004,6,3,1338,1458,1
1241,2004,6,11,1350,1458,0
1242,2004,8,1,1386,1403,1
1243,2004,8,9,1150,1403,0
1244,2004,10,7,1272,1376,1
1245,2004,12,5,1196,1264,0
1246,2004,14,3,1338,1416,1
1247,2004,1,16,1197,1246,0
1248,2004,3,2,1163,1210,1
1249,2004,3,6,1130,1210,0
1250,2004,4,3,1210,1242,1
1251,2004,4,13,1227,1242,0
1252,2004,5,12,1334,1344,1
1253,2004,8,9,1412,1449,1
1254,2004,9,1,1246,1412,0
1255,2004,9,4,1242,1412,1
1256,2004,10,2,1211,1305,0
1257,2004,10,3,1210,1305,1
1258,2004,10,7,1277,1305,0
1259,2004,11,6,1130,1428,1
1260,2004,12,4,1242,1334,1
1261,2004,14,3,1210,1320,1
1262,2004,15,2,1211,1434,1
1263,2004,16,16,1197,1250,1
1264,2005,1,4,1257,1449,1
1265,2005,1,8,1334,1449,0
1266,2005,1,16,1285,1449,0
1267,2005,2,15,1151,1448,0
1268,2005,4,5,1210,1257,0
1269,2005,4,1,1228,1257,1
1270,2005,5,12,1203,1210,0
1271,2005,6,3,1211,1403,0
1272,2005,7,2,1448,1452,0
1273,2005,7,4,1257,1452,1
1274,2005,7,6,1403,1452,0
1275,2005,7,10,1166,1452,0
1276,2005,9,8,1334,1338,1
1277,2005,11,6,1403,1417,1
1278,2005,13,4,1257,1418,1
1279,2005,14,3,1211,1457,1
1280,2005,1,3,1112,1228,0
1281,2005,1,16,1192,1228,0
1282,2005,2,3,1112,1329,1
1283,2005,7,2,1329,1356,1
1284,2005,8,9,1305,1400,1
1285,2005,9,1,1228,1305,1
1286,2005,10,7,1356,1388,1
1287,2005,11,3,1112,1412,1
1288,2005,11,6,1261,1412,0
1289,2005,12,1,1228,1454,1
1290,2005,12,4,1130,1454,0
1291,2005,12,5,1104,1454,0
1292,2005,13,4,1130,1335,1
1293,2005,14,3,1112,1429,1
1294,2005,15,2,1329,1368,1
1295,2005,1,16,1175,1181,0
1296,2005,2,7,1153,1246,0
1297,2005,2,15,1184,1246,0
1298,2005,3,14,1310,1328,0
1299,2005,5,1,1181,1277,0
1300,2005,5,2,1246,1277,0
1301,2005,6,2,1246,1428,1
1302,2005,6,3,1328,1428,0
1303,2005,8,9,1280,1390,1
1304,2005,9,1,1181,1280,1
1305,2005,10,7,1153,1234,1
1306,2005,11,6,1428,1431,1
1307,2005,12,5,1277,1330,1
1308,2005,13,4,1393,1436,0
1309,2005,13,5,1277,1436,1
1310,2005,1,1,1228,1314,0
1311,2005,1,5,1277,1314,0
1312,2005,1,9,1235,1314,0
1313,2005,3,14,1137,1242,1
1314,2005,5,1,1314,1437,1
1315,2005,5,4,1196,1437,0
1316,2005,5,12,1307,1437,0
1317,2005,6,1,1314,1458,1
1318,2005,6,10,1301,1458,0
1319,2005,6,11,1320,1458,0
1320,2005,6,14,1137,1458,0
1321,2005,8,9,1235,1278,1
1322,2005,10,2,1163,1301,0
1323,2005,10,7,1150,1301,0
1324,2005,13,4,1196,1325,1
1325,2005,15,2,1163,1416,1
1326,2005,16,1,1314,1324,1
1327,2005,16,16,1105,1324,0
1328,2006,2,4,1261,1400,1
1329,2006,2,10,1301,1400,0
1330,2006,2,15,1335,1400,0
1331,2006,4,1,1181,1261,0
1332,2006,4,13,1233,1261,0
1333,2006,6,2,1400,1452,1
1334,2006,6,11,1356,1452,0
1335,2006,6,14,1322,1452,0
1336,2006,8,1,1181,1203,1
1337,2006,9,8,1203,1423,1
1338,2006,10,7,1143,1301,0
1339,2006,12,4,1261,1401,1
1340,2006,12,5,1393,1401,0
1341,2006,14,3,1234,1322,0
1342,2006,16,1,1181,1380,1
1343,2006,1,9,1137,1272,0
1344,2006,1,13,1133,1272,0
1345,2006,2,4,1261,1417,0
1346,2006,2,1,1272,1417,0
1347,2006,2,3,1211,1417,0
1348,2006,2,10,1104,1417,0
1349,2006,2,15,1125,1417,0
1350,2006,2,3,1196,1417,1
1351,2006,4,13,1133,1242,1
1352,2006,5,12,1245,1338,0
1353,2006,5,13,1133,1338,1
1354,2006,6,3,1211,1231,1
1355,2006,7,10,1104,1266,1
1356,2006,9,8,1116,1137,0
1357,2006,11,6,1231,1361,1
1358,2006,14,3,1211,1462,1
1359,2006,16,1,1272,1331,1
1360,2006,1,3,1196,1437,1
1361,2006,1,4,1130,1437,0
1362,2006,1,8,1112,1437,0
1363,2006,1,16,1284,1437,0
1364,2006,2,7,1207,1326,1
1365,2006,2,15,1172,1326,0
1366,2006,5,12,1285,1305,1
1367,2006,7,3,1196,1207,1
1368,2006,9,8,1112,1458,1
1369,2006,10,7,1207,1320,1
1370,2006,11,3,1196,1454,1
1371,2006,11,6,1328,1454,0
1372,2006,12,4,1130,1285,1
1373,2006,13,4,1130,1334,1
1374,2006,14,3,1196,1375,1
1375,2006,16,16,1214,1284,0
1376,2006,1,16,1107,1163,0
1377,2006,3,11,1206,1314,1
1378,2006,3,14,1293,1314,0
1379,2006,4,13,1102,1228,0
1380,2006,5,1,1163,1449,1
1381,2006,5,4,1228,1449,0
1382,2006,5,12,1429,1449,0
1383,2006,6,11,1206,1277,1
1384,2006,7,2,1397,1455,0
1385,2006,7,10,1371,1455,0
1386,2006,7,11,1206,1455,1
1387,2006,8,1,1163,1246,1
1388,2006,9,8,1246,1412,1
1389,2006,11,3,1196,1206,1
1390,2006,11,1,1163,1206,0
1391,2006,15,2,1397,1457,1
1392,2007,1,2,1207,1314,1
1393,2007,1,9,1277,1314,0
1394,2007,1,16,1184,1314,0
1395,2007,2,7,1130,1207,0
1396,2007,2,15,1125,1207,0
1397,2007,3,6,1435,1450,1
1398,2007,3,14,1331,1450,0
1399,2007,4,13,1308,1400,0
1400,2007,5,1,1314,1425,1
1401,2007,5,4,1400,1425,0
1402,2007,5,12,1116,1425,0
1403,2007,6,2,1207,1435,1
1404,2007,6,11,1203,1435,0
1405,2007,9,8,1266,1277,0
1406,2007,10,7,1130,1403,1
1407,2007,1,2,1207,1326,0
1408,2007,1,2,1272,1326,0
1409,2007,1,16,1148,1326,0
1410,2007,1,1,1196,1326,1
1411,2007,3,2,1272,1401,1
1412,2007,3,6,1257,1401,0
1413,2007,3,14,1335,1401,0
1414,2007,4,5,1397,1438,1
1415,2007,4,13,1107,1438,0
1416,2007,5,1,1326,1397,1
1417,2007,5,12,1253,1397,0
1418,2007,7,2,1272,1305,1
1419,2007,7,10,1166,1305,0
1420,2007,9,1,1326,1462,1
1421,2007,9,8,1140,1462,0
1422,2007,11,6,1257,1390,1
1423,2007,15,2,1272,1317,1
1424,2007,1,5,1139,1196,0
1425,2007,2,7,1424,1458,1
1426,2007,2,15,1394,1458,0
1427,2007,3,1,1196,1332,1
1428,2007,3,14,1275,1332,0
1429,2007,4,5,1139,1268,1
1430,2007,4,13,1172,1268,0
1431,2007,7,3,1332,1424,1
1432,2007,7,10,1210,1424,0
1433,2007,9,1,1196,1345,1
1434,2007,9,8,1112,1345,0
1435,2007,11,3,1332,1457,1
1436,2007,11,6,1323,1457,0
1437,2007,12,5,1139,1330,1
1438,2007,16,1,1196,1238,1
1439,2007,2,1,1196,1417,1
1440,2007,2,1,1242,1417,0
1441,2007,2,3,1338,1417,0
1442,2007,2,7,1231,1417,0
1443,2007,4,1,1242,1356,1
1444,2007,4,13,1221,1356,0
1445,2007,5,4,1356,1439,1
1446,2007,5,12,1228,1439,0
1447,2007,7,10,1211,1231,0
1448,2007,8,1,1242,1246,1
1449,2007,9,8,1246,1437,1
1450,2007,11,3,1338,1433,1
1451,2007,11,6,1181,1433,0
1452,2007,14,3,1338,1460,1
1453,2007,15,2,1417,1451,1
1454,2007,16,1,1242,1310,1
1455,2007,16,16,1197,1310,0
1456,2008,1,3,1257,1314,0
1457,2008,1,9,1116,1314,0
1458,2008,1,16,1291,1314,0
1459,2008,1,1,1242,1314,1
1460,2008,2,3,1257,1397,1
1461,2008,2,7,1139,1397,0
1462,2008,2,15,1110,1397,0
1463,2008,3,14,1129,1257,0
1464,2008,4,1,1314,1450,1
1465,2008,4,5,1323,1450,0
1466,2008,5,12,1206,1323,0
1467,2008,6,3,1257,1328,1
1468,2008,8,9,1116,1231,1
1469,2008,10,7,1139,1375,1
1470,2008,11,6,1328,1386,1
1471,2008,13,4,1450,1457,1
1472,2008,16,16,1164,1291,0
1473,2008,1,10,1172,1242,0
1474,2008,2,10,1172,1207,1
1475,2008,3,10,1172,1458,1
1476,2008,3,11,1243,1458,0
1477,2008,3,14,1168,1458,0
1478,2008,4,13,1373,1435,1
1479,2008,6,11,1243,1425,1
1480,2008,7,10,1172,1211,1
1481,2008,8,1,1242,1424,1
1482,2008,8,9,1245,1424,0
1483,2008,12,1,1242,1437,1
1484,2008,12,5,1155,1437,0
1485,2008,12,13,1373,1437,0
1486,2008,15,2,1207,1420,1
1487,2008,16,1,1242,1340,1
1488,2008,1,1,1242,1272,1
1489,2008,2,1,1272,1400,1
1490,2008,2,3,1390,1400,0
1491,2008,2,7,1274,1400,0
1492,2008,2,15,1122,1400,0
1493,2008,3,6,1266,1390,0
1494,2008,3,14,1165,1390,0
1495,2008,4,5,1277,1338,1
1496,2008,4,13,1331,1338,0
1497,2008,5,1,1272,1277,1
1498,2008,6,11,1246,1266,0
1499,2008,8,1,1272,1280,1
1500,2008,9,8,1280,1332,1
1501,2008,10,7,1274,1388,1
1502,2008,12,5,1277,1396,1
1503,2008,16,1,1272,1426,1
1504,2008,1,1,1272,1417,1
1505,2008,1,9,1401,1417,0
1506,2008,1,16,1290,1417,0
1507,2008,2,15,1125,1181,0
1508,2008,3,1,1417,1462,1
1509,2008,3,6,1345,1462,0
1510,2008,3,7,1452,1462,0
1511,2008,3,14,1208,1462,0
1512,2008,6,11,1124,1345,0
1513,2008,7,2,1181,1452,0
1514,2008,7,10,1112,1452,0
1515,2008,9,8,1140,1401,0
1516,2008,12,1,1417,1443,1
1517,2008,12,5,1179,1443,0
1518,2008,12,13,1360,1443,0
1519,2008,13,4,1163,1360,0
1520,2009,1,8,1329,1338,0
1521,2009,1,16,1190,1338,0
1522,2009,2,15,1127,1181,0
1523,2009,3,1,1338,1437,0
1524,2009,3,2,1181,1437,0
1525,2009,3,6,1417,1437,0
1526,2009,3,14,1110,1437,0
1527,2009,3,1,1314,1437,1
1528,2009,4,1,1338,1462,1
1529,2009,4,12,1458,1462,0
1530,2009,4,13,1340,1462,0
1531,2009,7,2,1181,1400,1
1532,2009,7,10,1278,1400,0
1533,2009,9,8,1329,1397,1
1534,2009,11,6,1417,1433,1
1535,2009,12,5,1199,1458,0
1536,2009,1,4,1211,1314,0
1537,2009,1,8,1261,1314,0
1538,2009,1,2,1277,1314,0
1539,2009,2,1,1314,1328,1
1540,2009,2,10,1276,1328,0
1541,2009,2,15,1288,1328,0
1542,2009,3,2,1328,1393,1
1543,2009,3,6,1113,1393,0
1544,2009,3,14,1372,1393,0
1545,2009,4,13,1103,1211,0
1546,2009,8,9,1139,1261,0
1547,2009,10,7,1155,1276,0
1548,2009,11,6,1113,1396,1
1549,2009,12,4,1211,1443,1
1550,2009,12,5,1228,1443,0
1551,2009,16,1,1314,1347,1
1552,2009,1,12,1112,1257,0
1553,2009,2,1,1257,1277,0
1554,2009,2,3,1242,1277,0
1555,2009,2,1,1163,1277,0
1556,2009,3,11,1173,1242,0
1557,2009,4,13,1156,1448,1
1558,2009,5,12,1112,1428,1
1559,2009,6,11,1173,1452,1
1560,2009,9,1,1257,1373,1
1561,2009,9,8,1326,1373,0
1562,2009,10,2,1277,1425,1
1563,2009,10,7,1130,1425,0
1564,2009,13,12,1112,1156,1
1565,2009,14,3,1242,1295,1
1566,2009,15,2,1277,1352,1
1567,2009,16,1,1257,1287,1
1568,2009,16,16,1106,1287,0
1569,2009,1,16,1151,1163,0
1570,2009,2,10,1268,1272,0
1571,2009,2,15,1169,1272,0
1572,2009,3,1,1163,1281,1
1573,2009,3,2,1272,1281,0
1574,2009,3,6,1266,1281,0
1575,2009,3,14,1165,1281,0
1576,2009,4,5,1345,1449,1
1577,2009,4,13,1280,1449,0
1578,2009,5,1,1163,1345,1
1579,2009,5,12,1320,1345,0
1580,2009,9,1,1163,1401,1
1581,2009,9,8,1140,1401,0
1582,2009,10,7,1143,1268,0
1583,2009,11,6,1266,1429,1
1584,2010,1,12,1165,1246,0
1585,2010,1,16,1190,1246,0
1586,2010,2,1,1246,1452,0
1587,2010,2,10,1281,1452,0
1588,2010,2,11,1449,1452,0
1589,2010,2,15,1288,1452,0
1590,2010,2,1,1181,1452,1
1591,2010,3,14,1285,1307,0
1592,2010,4,12,1165,1458,1
1593,2010,5,12,1165,1396,1
1594,2010,9,1,1246,1448,1
1595,2010,9,8,1400,1448,0
1596,2010,10,7,1155,1281,0
1597,2010,11,3,1307,1449,0
1598,2010,11,6,1266,1449,0
1599,2010,13,4,1458,1459,1
1600,2010,1,3,1124,1181,0
1601,2010,1,8,1143,1181,0
1602,2010,1,16,1115,1181,0
1603,2010,1,5,1139,1181,0
1604,2010,2,10,1388,1437,1
1605,2010,2,15,1352,1437,0
1606,2010,4,1,1181,1345,1
1607,2010,5,4,1345,1401,1
1608,2010,9,8,1143,1257,1
1609,2010,10,3,1124,1388,1
1610,2010,10,7,1350,1388,0
1611,2010,11,3,1124,1330,1
1612,2010,11,6,1323,1330,0
1613,2010,12,5,1401,1429,1
1614,2010,13,4,1345,1373,1
1615,2010,14,3,1124,1358,1
1616,2010,16,16,1115,1457,1
1617,2010,2,10,1210,1326,0
1618,2010,4,13,1222,1268,0
1619,2010,5,4,1268,1277,0
1620,2010,5,5,1139,1277,1
1621,2010,6,2,1326,1397,0
1622,2010,6,5,1277,1397,1
1623,2010,6,11,1361,1397,0
1624,2010,6,14,1325,1397,0
1625,2010,7,10,1210,1329,1
1626,2010,8,9,1320,1424,1
1627,2010,9,1,1242,1320,0
1628,2010,9,5,1277,1320,1
1629,2010,12,5,1277,1308,1
1630,2010,14,3,1207,1325,0
1631,2010,15,2,1326,1364,1
1632,2010,16,1,1242,1250,1
1633,2010,1,5,1139,1393,1
1634,2010,1,8,1211,1393,0
1635,2010,2,5,1139,1243,1
1636,2010,2,7,1140,1243,0
1637,2010,3,14,1324,1338,0
1638,2010,4,13,1293,1435,1
1639,2010,6,2,1243,1462,1
1640,2010,6,3,1338,1462,0
1641,2010,6,11,1278,1462,0
1642,2010,8,9,1199,1211,0
1643,2010,10,7,1140,1196,1
1644,2010,12,5,1139,1431,1
1645,2010,13,5,1139,1293,1
1646,2010,15,2,1243,1317,1
1647,2010,16,1,1393,1436,1
1648,2011,1,4,1246,1326,1
1649,2011,1,8,1206,1326,0
1650,2011,2,4,1246,1314,1
1651,2011,2,11,1266,1314,0
1652,2011,2,15,1254,1314,0
1653,2011,3,11,1266,1393,1
1654,2011,3,14,1232,1393,0
1655,2011,4,3,1163,1246,1
1656,2011,5,4,1246,1452,1
1657,2011,5,12,1155,1452,0
1658,2011,6,11,1266,1462,1
1659,2011,7,2,1314,1449,1
1660,2011,7,10,1208,1449,0
1661,2011,9,8,1206,1437,1
1662,2011,12,12,1155,1412,1
1663,2011,13,4,1246,1343,1
1664,2011,16,1,1326,1427,1
1665,2011,16,16,1106,1427,0
1666,2011,1,5,1112,1181,1
1667,2011,2,3,1163,1361,1
1668,2011,2,15,1294,1361,0
1669,2011,3,5,1112,1163,0
1670,2011,3,6,1153,1163,0
1671,2011,3,14,1137,1163,0
1672,2011,3,8,1139,1163,0
1673,2011,4,5,1112,1400,1
1674,2011,4,13,1324,1400,0
1675,2011,7,2,1361,1396,1
1676,2011,7,10,1336,1396,0
1677,2011,8,1,1181,1276,1
1678,2011,9,8,1276,1397,1
1679,2011,11,6,1153,1281,1
1680,2011,12,5,1112,1272,1
1681,2011,16,1,1181,1214,1
1682,2011,1,8,1139,1338,1
1683,2011,2,3,1140,1196,0
1684,2011,2,8,1139,1196,1
1685,2011,4,5,1243,1458,0
1686,2011,4,8,1139,1458,1
1687,2011,4,13,1125,1458,0
1688,2011,6,11,1211,1385,1
1689,2011,7,2,1196,1417,1
1690,2011,7,10,1277,1417,0
1691,2011,9,8,1139,1330,1
1692,2011,11,3,1140,1211,1
1693,2011,12,5,1243,1429,1
1694,2011,14,3,1140,1459,1
1695,2011,15,2,1196,1364,1
1696,2011,16,1,1338,1421,1
1697,2011,16,16,1114,1421,0
1698,2011,1,9,1228,1242,0
1699,2011,1,16,1131,1242,0
1700,2011,2,10,1199,1323,1
1701,2011,2,15,1103,1323,0
1702,2011,5,12,1350,1435,1
1703,2011,7,10,1199,1401,1
1704,2011,8,9,1228,1424,1
1705,2011,11,8,1139,1433,1
1706,2011,11,1,1242,1433,0
1707,2011,11,3,1345,1433,0
1708,2011,11,6,1207,1433,0
1709,2011,11,10,1199,1433,0
1710,2011,11,11,1425,1433,0
1711,2011,12,1,1242,1350,1
1712,2011,12,13,1287,1350,0
1713,2011,13,4,1257,1287,0
1714,2011,14,3,1345,1389,1
1715,2012,1,2,1326,1393,1
1716,2012,1,8,1243,1393,0
1717,2012,2,6,1153,1326,0
1718,2012,2,7,1211,1326,0
1719,2012,2,15,1259,1326,0
1720,2012,2,2,1242,1326,1
1721,2012,3,6,1153,1199,1
1722,2012,4,1,1393,1458,1
1723,2012,4,5,1435,1458,0
1724,2012,4,13,1285,1458,0
1725,2012,5,12,1217,1435,0
1726,2012,9,8,1243,1379,1
1727,2012,10,7,1211,1452,1
1728,2012,11,6,1153,1400,1
1729,2012,14,3,1199,1382,1
1730,2012,16,1,1393,1421,1
1731,2012,1,2,1242,1314,1
1732,2012,1,8,1166,1314,0
1733,2012,2,15,1178,1242,0
1734,2012,3,14,1125,1207,0
1735,2012,5,12,1378,1396,1
1736,2012,6,11,1301,1361,1
1737,2012,7,10,1345,1388,1
1738,2012,8,9,1104,1166,0
1739,2012,10,2,1242,1345,1
1740,2012,11,2,1242,1301,1
1741,2012,11,3,1207,1301,0
1742,2012,12,12,1143,1378,0
1743,2012,12,13,1325,1378,1
1744,2012,13,1,1314,1325,1
1745,2012,13,4,1276,1325,0
1746,2012,16,1,1314,1436,1
1747,2012,16,16,1249,1436,0
1748,2012,1,2,1242,1246,0
1749,2012,1,3,1124,1246,0
1750,2012,1,4,1231,1246,0
1751,2012,1,8,1235,1246,0
1752,2012,5,12,1433,1455,1
1753,2012,6,11,1160,1424,1
1754,2012,8,9,1163,1235,0
1755,2012,10,3,1124,1462,1
1756,2012,10,7,1323,1462,0
1757,2012,10,15,1250,1462,0
1758,2012,11,3,1124,1160,1
1759,2012,12,4,1231,1433,1
1760,2012,13,4,1231,1308,1
1761,2012,14,3,1124,1355,1
1762,2012,15,2,1181,1250,0
1763,2012,16,1,1246,1443,1
1764,2012,16,16,1290,1443,0
1765,2012,1,4,1257,1277,1
1766,2012,1,16,1254,1277,0
1767,2012,3,7,1196,1266,1
1768,2012,3,14,1140,1266,0
1769,2012,4,1,1246,1257,1
1770,2012,4,7,1196,1257,0
1771,2012,4,13,1172,1257,0
1772,2012,5,4,1257,1307,1
1773,2012,5,12,1253,1307,0
1774,2012,6,3,1266,1293,1
1775,2012,6,11,1161,1293,0
1776,2012,9,1,1277,1387,1
1777,2012,9,8,1272,1387,0
1778,2012,10,7,1196,1438,1
1779,2012,14,14,1140,1233,1
1780,2012,15,2,1281,1313,0
1781,2012,15,7,1196,1313,1
1782,2013,2,3,1266,1274,1
1783,2013,2,7,1228,1274,0
1784,2013,3,6,1139,1266,0
1785,2013,3,14,1172,1266,0
1786,2013,4,1,1231,1393,0
1787,2013,4,3,1266,1393,0
1788,2013,4,12,1143,1393,0
1789,2013,4,13,1285,1393,0
1790,2013,4,4,1276,1393,1
1791,2013,5,12,1143,1424,1
1792,2013,6,11,1137,1139,0
1793,2013,7,10,1160,1228,0
1794,2013,9,1,1231,1396,1
1795,2013,9,8,1301,1396,0
1796,2013,15,2,1274,1334,1
1797,2013,16,1,1231,1241,1
1798,2013,16,16,1241,1254,1
1799,2013,2,15,1195,1207,1
1800,2013,3,15,1195,1196,0
1801,2013,4,1,1242,1276,0
1802,2013,4,3,1196,1276,0
1803,2013,4,1,1257,1276,1
1804,2013,5,4,1276,1433,1
1805,2013,5,12,1103,1433,0
1806,2013,6,11,1278,1417,1
1807,2013,7,10,1328,1361,0
1808,2013,7,15,1195,1361,1
1809,2013,8,1,1242,1314,1
1810,2013,9,8,1314,1437,1
1811,2013,11,3,1196,1278,1
1812,2013,13,4,1276,1355,1
1813,2013,14,3,1196,1322,1
1814,2013,16,1,1242,1443,1
1815,2013,1,2,1181,1257,0
1816,2013,1,8,1161,1257,0
1817,2013,2,7,1166,1181,0
1818,2013,2,15,1107,1181,0
1819,2013,3,2,1181,1277,1
1820,2013,3,6,1272,1277,0
1821,2013,4,12,1332,1387,1
1822,2013,4,13,1308,1387,0
1823,2013,7,10,1153,1166,0
1824,2013,9,8,1161,1281,1
1825,2013,11,6,1272,1388,1
1826,2013,11,11,1292,1388,0
1827,2013,12,1,1257,1332,1
1828,2013,12,5,1329,1332,0
1829,2013,14,3,1277,1434,1
1830,2013,16,1,1257,1299,1
1831,2013,16,16,1251,1299,0
1832,2013,2,6,1112,1326,0
1833,2013,2,10,1235,1326,0
1834,2013,2,15,1233,1326,0
1835,2013,3,14,1217,1307,1
1836,2013,5,12,1279,1458,1
1837,2013,7,10,1235,1323,1
1838,2013,9,1,1257,1455,1
1839,2013,9,1,1211,1455,0
1840,2013,9,2,1326,1455,0
1841,2013,9,8,1338,1455,0
1842,2013,9,13,1247,1455,0
1843,2013,11,6,1112,1125,1
1844,2013,12,13,1247,1279,1
1845,2013,13,4,1243,1247,0
1846,2013,13,13,1129,1247,0
1847,2013,14,6,1112,1217,1
1848,2013,16,1,1211,1380,1
1849,2014,1,4,1277,1438,1
1850,2014,1,8,1272,1438,0
1851,2014,1,16,1157,1438,0
1852,2014,2,7,1163,1437,1
1853,2014,3,7,1163,1235,1
1854,2014,4,7,1163,1277,1
1855,2014,4,12,1217,1277,0
1856,2014,4,13,1174,1277,0
1857,2014,6,3,1235,1314,1
1858,2014,8,9,1203,1272,0
1859,2014,10,7,1163,1386,1
1860,2014,11,6,1314,1344,1
1861,2014,12,5,1153,1217,0
1862,2014,14,3,1235,1300,1
1863,2014,15,2,1437,1454,1
1864,2014,1,7,1163,1196,1
1865,2014,1,11,1173,1196,0
1866,2014,1,16,1107,1196,0
1867,2014,2,15,1184,1242,0
1868,2014,3,11,1173,1393,1
1869,2014,4,1,1196,1417,1
1870,2014,4,12,1372,1417,0
1871,2014,4,13,1409,1417,0
1872,2014,5,12,1372,1433,1
1873,2014,6,11,1173,1326,1
1874,2014,9,1,1196,1338,1
1875,2014,9,8,1160,1338,0
1876,2014,10,2,1242,1390,0
1877,2014,10,7,1307,1390,0
1878,2014,10,11,1173,1390,1
1879,2014,14,3,1393,1444,1
1880,2014,16,16,1107,1291,1
1881,2014,1,8,1246,1455,1
1882,2014,1,16,1142,1455,0
1883,2014,2,8,1246,1276,1
1884,2014,4,8,1246,1257,1
1885,2014,5,4,1257,1387,1
1886,2014,5,12,1301,1387,0
1887,2014,7,2,1276,1400,1
1888,2014,7,10,1113,1400,0
1889,2014,8,7,1163,1246,1
1890,2014,8,9,1243,1246,0
1891,2014,11,2,1276,1397,1
1892,2014,11,6,1269,1397,0
1893,2014,11,11,1234,1397,0
1894,2014,11,14,1273,1397,0
1895,2014,12,12,1301,1462,1
1896,2014,13,4,1257,1264,1
1897,2014,14,3,1181,1273,0
1898,2014,15,2,1276,1459,1
1899,2014,16,16,1142,1411,1
1900,2014,2,8,1246,1458,1
1901,2014,2,1,1112,1458,0
1902,2014,2,6,1124,1458,0
1903,2014,2,7,1332,1458,0
1904,2014,2,15,1110,1458,0
1905,2014,3,6,1124,1166,1
1906,2014,4,1,1112,1361,1
1907,2014,4,12,1295,1361,0
1908,2014,4,13,1308,1361,0
1909,2014,5,12,1295,1328,1
1910,2014,7,10,1140,1332,0
1911,2014,8,1,1112,1211,1
1912,2014,9,8,1211,1329,1
1913,2014,11,6,1124,1304,1
1914,2014,14,3,1166,1418,1
1915,2014,16,1,1112,1451,1
1916,2015,1,8,1301,1437,1
1917,2015,1,16,1248,1437,0
1918,2015,2,7,1277,1438,1
1919,2015,2,15,1125,1438,0
1920,2015,3,7,1277,1328,1
1921,2015,3,11,1173,1328,0
1922,2015,3,14,1107,1328,0
1923,2015,5,4,1257,1320,1
1924,2015,6,11,1173,1344,1
1925,2015,7,4,1257,1277,0
1926,2015,7,10,1208,1277,0
1927,2015,7,1,1181,1277,1
1928,2015,8,4,1257,1301,1
1929,2015,8,9,1261,1301,0
1930,2015,11,11,1129,1173,0
1931,2015,12,5,1320,1461,1
1932,2015,13,4,1257,1414,1
1933,2015,2,1,1181,1211,1
1934,2015,4,13,1186,1207,0
1935,2015,5,1,1181,1428,1
1936,2015,5,4,1207,1428,0
1937,2015,5,12,1372,1428,0
1938,2015,7,2,1211,1234,1
1939,2015,7,10,1172,1234,0
1940,2015,8,1,1181,1361,1
1941,2015,9,8,1361,1385,1
1942,2015,11,2,1211,1417,1
1943,2015,11,6,1374,1417,0
1944,2015,11,14,1412,1417,0
1945,2015,14,3,1235,1412,0
1946,2015,15,2,1211,1295,1
1947,2015,16,1,1181,1352,1
1948,2015,16,16,1316,1352,0
1949,2015,1,8,1153,1246,0
1950,2015,1,16,1214,1246,0
1951,2015,3,1,1246,1323,1
1952,2015,3,6,1139,1323,0
1953,2015,3,14,1318,1323,0
1954,2015,5,1,1246,1452,1
1955,2015,5,4,1268,1452,0
1956,2015,5,12,1138,1452,0
1957,2015,7,2,1242,1455,0
1958,2015,7,3,1323,1455,1
1959,2015,7,10,1231,1455,0
1960,2015,9,8,1153,1345,1
1961,2015,11,6,1139,1400,1
1962,2015,13,4,1268,1434,1
1963,2015,15,2,1242,1308,1
1964,2015,16,16,1214,1264,1
1965,2015,1,1,1181,1458,1
1966,2015,1,1,1246,1458,0
1967,2015,1,2,1112,1458,0
1968,2015,1,4,1314,1458,0
1969,2015,1,8,1332,1458,0
1970,2015,1,16,1157,1458,0
1971,2015,4,5,1116,1314,0
1972,2015,4,13,1217,1314,0
1973,2015,6,2,1112,1462,1
1974,2015,6,11,1279,1462,0
1975,2015,6,14,1209,1462,0
1976,2015,7,10,1326,1433,1
1977,2015,8,9,1329,1332,0
1978,2015,10,2,1112,1326,1
1979,2015,11,11,1140,1279,0
1980,2015,12,5,1116,1459,1
1981,2015,14,3,1124,1209,0
1982,2015,15,2,1112,1411,1
1983,2016,1,5,1231,1314,0
1984,2016,1,16,1195,1314,0
1985,2016,2,7,1458,1462,1
1986,2016,2,15,1451,1462,0
1987,2016,3,14,1372,1452,1
1988,2016,4,5,1231,1246,1
1989,2016,5,12,1151,1231,0
1990,2016,6,1,1314,1323,1
1991,2016,6,11,1276,1323,0
1992,2016,7,6,1323,1458,1
1993,2016,7,10,1338,1458,0
1994,2016,8,9,1344,1425,1
1995,2016,9,1,1314,1344,1
1996,2016,11,11,1276,1409,1
1997,2016,13,4,1246,1392,1
1998,2016,14,6,1323,1372,1
1999,2016,16,16,1192,1195,0
2000,2016,1,4,1235,1438,0
2001,2016,1,9,1139,1438,0
2002,2016,1,10,1393,1438,1
2003,2016,1,16,1214,1438,0
2004,2016,3,11,1211,1428,1
2005,2016,3,14,1201,1428,0
2006,2016,4,12,1114,1235,0
2007,2016,4,13,1233,1235,0
2008,2016,5,12,1114,1345,1
2009,2016,6,11,1211,1371,1
2010,2016,8,9,1139,1403,1
2011,2016,10,1,1314,1393,1
2012,2016,10,7,1173,1393,0
2013,2016,10,11,1211,1393,0
2014,2016,10,15,1292,1393,0
2015,2016,15,2,1277,1292,0
2016,2016,1,9,1163,1242,0
2017,2016,1,16,1122,1242,0
2018,2016,2,1,1314,1437,0
2019,2016,2,1,1242,1437,0
2020,2016,2,3,1274,1437,0
2021,2016,2,7,1234,1437,0
2022,2016,2,15,1421,1437,0
2023,2016,2,2,1328,1437,0
2024,2016,3,14,1138,1274,0
2025,2016,5,1,1242,1268,1
2026,2016,5,13,1218,1268,0
2027,2016,9,8,1160,1163,0
2028,2016,10,7,1234,1396,1
2029,2016,11,3,1274,1455,1
2030,2016,11,6,1112,1455,0
2031,2016,11,11,1435,1455,0
2032,2016,12,5,1268,1355,1
2033,2016,13,4,1143,1218,0
2034,2016,1,2,1328,1332,1
2035,2016,1,4,1181,1332,0
2036,2016,1,16,1221,1332,0
2037,2016,2,15,1167,1328,0
2038,2016,3,2,1328,1401,1
2039,2016,3,11,1320,1401,0
2040,2016,6,11,1320,1400,1
2041,2016,8,1,1332,1386,1
2042,2016,8,9,1153,1386,0
2043,2016,10,2,1328,1433,1
2044,2016,10,7,1333,1433,0
2045,2016,12,4,1181,1463,1
2046,2016,12,5,1124,1463,0
2047,2016,13,4,1181,1423,1
2048,2016,14,3,1401,1453,1
2049,2016,16,16,1221,1380,1
2050,2017,1,16,1291,1437,0
2051,2017,4,13,1190,1196,0
2052,2017,5,4,1196,1438,1
2053,2017,5,12,1423,1438,0
2054,2017,7,2,1181,1376,0
2055,2017,7,3,1124,1376,0
2056,2017,7,4,1196,1376,0
2057,2017,7,10,1266,1376,0
2058,2017,7,1,1211,1376,1
2059,2017,8,1,1437,1458,0
2060,2017,8,4,1196,1458,1
2061,2017,8,9,1439,1458,0
2062,2017,11,3,1124,1425,1
2063,2017,11,6,1374,1425,0
2064,2017,11,11,1344,1425,0
2065,2017,14,3,1124,1308,1
2066,2017,15,2,1181,1407,1
2067,2017,16,16,1291,1309,1
2068,2017,3,14,1195,1199,0
2069,2017,4,1,1211,1452,1
2070,2017,4,5,1323,1452,0
2071,2017,4,13,1137,1452,0
2072,2017,7,2,1112,1388,1
2073,2017,8,1,1211,1321,1
2074,2017,9,8,1321,1435,1
2075,2017,10,7,1388,1433,1
2076,2017,11,1,1211,1462,1
2077,2017,11,2,1112,1462,0
2078,2017,11,3,1199,1462,0
2079,2017,11,6,1268,1462,0
2080,2017,12,5,1323,1343,1
2081,2017,15,2,1112,1315,1
2082,2017,16,1,1211,1355,1
2083,2017,2,15,1240,1257,0
2084,2017,3,1,1242,1332,0
2085,2017,3,7,1276,1332,0
2086,2017,3,14,1233,1332,0
2087,2017,3,1,1314,1332,1
2088,2017,4,1,1242,1345,1
2089,2017,4,5,1235,1345,0
2090,2017,7,2,1257,1276,0
2091,2017,9,1,1242,1277,1
2092,2017,9,8,1274,1277,0
2093,2017,10,7,1276,1329,1
2094,2017,11,3,1332,1348,1
2095,2017,11,6,1166,1348,0
2096,2017,12,5,1235,1305,1
2097,2017,13,4,1345,1436,1
2098,2017,16,1,1242,1413,1
2099,2017,16,16,1300,1413,0
2100,2017,1,1,1211,1314,0
2101,2017,1,2,1246,1314,0
2102,2017,1,4,1139,1314,0
2103,2017,1,8,1116,1314,0
2104,2017,3,2,1246,1417,1
2105,2017,3,6,1153,1417,0
2106,2017,3,14,1245,1417,0
2107,2017,9,8,1116,1371,1
2108,2017,10,2,1246,1455,1
2109,2017,10,7,1173,1455,0
2110,2017,11,6,1153,1243,1
2111,2017,11,11,1243,1448,1
2112,2017,12,4,1139,1292,1
2113,2017,12,5,1278,1292,0
2114,2017,13,4,1139,1457,1
2115,2017,15,2,1246,1297,1
2116,2017,16,1,1314,1411,1
2117,2018,1,3,1403,1437,0
2118,2018,1,9,1104,1437,0
2119,2018,1,16,1347,1437,0
2120,2018,1,1,1242,1437,0
2121,2018,1,3,1276,1437,0
2122,2018,2,10,1139,1345,0
2123,2018,2,15,1168,1345,0
2124,2018,3,2,1345,1403,0
2125,2018,3,6,1196,1403,0
2126,2018,3,14,1372,1403,0
2127,2018,4,13,1267,1455,1
2128,2018,5,1,1437,1452,1
2129,2018,5,12,1293,1452,0
2130,2018,5,13,1267,1452,0
2131,2018,8,9,1104,1439,1
2132,2018,10,7,1116,1139,0
2133,2018,11,6,1196,1382,1
2134,2018,11,11,1382,1417,1
2135,2018,16,16,1254,1347,0
2136,2018,1,2,1181,1242,0
2137,2018,1,5,1155,1242,0
2138,2018,3,14,1137,1277,0
2139,2018,5,4,1120,1155,0
2140,2018,6,11,1393,1395,1
2141,2018,7,2,1181,1348,1
2142,2018,7,10,1328,1348,0
2143,2018,8,1,1242,1371,1
2144,2018,8,9,1301,1371,0
2145,2018,11,2,1181,1393,1
2146,2018,11,3,1277,1393,0
2147,2018,11,11,1113,1393,0
2148,2018,12,5,1155,1308,1
2149,2018,13,4,1120,1158,1
2150,2018,15,2,1181,1233,1
2151,2018,16,1,1242,1335,1
2152,2018,1,16,1420,1438,1
2153,2018,3,11,1260,1397,1
2154,2018,5,9,1243,1246,1
2155,2018,5,12,1172,1246,0
2156,2018,5,13,1138,1246,0
2157,2018,6,11,1260,1274,1
2158,2018,7,2,1153,1305,0
2159,2018,7,11,1260,1305,1
2160,2018,9,8,1166,1243,0
2161,2018,10,7,1305,1400,1
2162,2018,11,9,1243,1260,0
2163,2018,13,4,1112,1138,0
2164,2018,14,3,1397,1460,1
2165,2018,15,2,1153,1209,1
2166,2018,16,9,1243,1420,1
2167,2018,1,9,1199,1462,1
2168,2018,1,16,1411,1462,0
2169,2018,2,15,1252,1314,0
2170,2018,3,11,1260,1276,0
2171,2018,3,6,1222,1276,0
2172,2018,3,9,1199,1276,0
2173,2018,4,9,1199,1211,1
2174,2018,5,4,1211,1326,1
2175,2018,7,2,1314,1401,0
2176,2018,7,3,1276,1401,1
2177,2018,7,10,1344,1401,0
2178,2018,8,9,1199,1281,1
2179,2018,11,6,1222,1361,1
2180,2018,12,5,1326,1355,1
2181,2018,13,4,1211,1422,1
2182,2018,14,3,1276,1285,1
2183,2018,16,16,1300,1411,0
2184,2019,2,1,1181,1277,0
2185,2019,2,3,1261,1277,0
2186,2019,2,15,1133,1277,0
2187,2019,4,1,1181,1439,1
2188,2019,4,12,1251,1439,0
2189,2019,4,13,1387,1439,0
2190,2019,5,12,1251,1280,1
2191,2019,6,3,1261,1268,1
2192,2019,6,11,1125,1268,0
2193,2019,8,9,1416,1433,1
2194,2019,9,1,1181,1416,1
2195,2019,10,2,1277,1278,1
2196,2019,10,7,1257,1278,0
2197,2019,11,11,1125,1396,1
2198,2019,14,3,1261,1463,1
2199,2019,16,1,1181,1295,1
2200,2019,16,16,1295,1300,1
2201,2019,1,4,1199,1211,0
2202,2019,1,9,1124,1211,0
2203,2019,1,16,1192,1211,0
2204,2019,2,10,1196,1276,0
2205,2019,3,2,1277,1403,0
2206,2019,3,1,1211,1403,0
2207,2019,3,2,1276,1403,0
2208,2019,3,6,1138,1403,0
2209,2019,3,14,1297,1403,0
2210,2019,6,11,1113,1138,0
2211,2019,7,10,1196,1305,1
2212,2019,8,9,1124,1393,1
2213,2019,11,11,1113,1385,1
2214,2019,12,4,1199,1293,1
2215,2019,12,5,1266,1293,0
2216,2019,13,4,1199,1436,1
2217,2019,15,2,1276,1285,1
2218,2019,16,16,1192,1341,1
2219,2019,1,5,1120,1314,1
2220,2019,1,16,1233,1314,0
2221,2019,2,3,1222,1246,0
2222,2019,2,5,1120,1246,1
2223,2019,2,15,1101,1246,0
2224,2019,3,14,1209,1222,0
2225,2019,4,5,1120,1242,1
2226,2019,7,2,1246,1459,1
2227,2019,7,10,1371,1459,0
2228,2019,9,1,1314,1449,1
2229,2019,9,8,1429,1449,0
2230,2019,11,3,1222,1326,1
2231,2019,11,6,1235,1326,0
2232,2019,12,5,1120,1308,1
2233,2019,13,4,1242,1318,1
2234,2019,1,3,1403,1438,0
2235,2019,1,5,1120,1438,0
2236,2019,1,3,1345,1438,0
2237,2019,1,9,1328,1438,0
2238,2019,1,12,1332,1438,0
2239,2019,1,16,1205,1438,0
2240,2019,2,3,1345,1397,1
2241,2019,2,10,1234,1397,0
2242,2019,2,15,1159,1397,0
2243,2019,3,14,1330,1345,0
2244,2019,5,12,1332,1458,1
2245,2019,6,3,1345,1437,1
2246,2019,6,11,1388,1437,0
2247,2019,9,8,1279,1328,0
2248,2019,10,7,1153,1234,0
2249,2019,13,4,1243,1414,0
2250,2019,13,12,1332,1414,1
