,Season,Team_ID_H,Team_ID_L,Seed_Matchup_Probability
0,1985,1210,1207,0.5384615384615384
1,1985,1228,1210,0.6071428571428571
2,1985,1228,1208,0.38888888888888884
3,1985,1260,1207,0.7301587301587301
4,1985,1260,1233,0.20714285714285718
5,1985,1374,1260,0.5540540540540541
6,1985,1374,1330,0.3571428571428571
7,1985,1393,1210,0.6951219512195121
8,1985,1393,1177,0.3928571428571429
9,1985,1396,1207,0.8
10,1985,1439,1396,0.4857142857142857
11,1985,1455,1208,0.6285714285714286
12,1985,1318,1228,0.85
13,1985,1273,1210,0.9428571428571428
14,1985,1250,1207,0.9928571428571429
15,1985,1385,1207,0.5
16,1985,1385,1301,0.4
17,1985,1385,1116,0.08333333333333337
18,1985,1385,1246,0.0
19,1985,1385,1380,0.0071428571428571175
20,1985,1433,1104,0.30487804878048785
21,1985,1433,1267,0.05714285714285716
22,1985,1301,1104,0.4
23,1985,1424,1246,0.3157894736842105
24,1985,1424,1361,0.20714285714285718
25,1985,1449,1246,0.3571428571428571
26,1985,1234,1116,0.5142857142857142
27,1985,1112,1104,0.6071428571428571
28,1985,1431,1301,0.6530612244897959
29,1985,1431,1409,0.6285714285714286
30,1985,1305,1301,0.85
31,1985,1328,1272,0.46153846153846156
32,1985,1328,1256,0.17021276595744683
33,1985,1328,1229,0.08333333333333337
34,1985,1328,1299,0.0071428571428571175
35,1985,1272,1130,0.125
36,1985,1181,1130,0.34693877551020413
37,1985,1326,1256,0.44594594594594594
38,1985,1326,1235,0.20714285714285718
39,1985,1403,1130,0.37142857142857144
40,1985,1412,1272,0.6951219512195121
41,1985,1412,1277,0.3928571428571429
42,1985,1425,1229,0.5142857142857142
43,1985,1338,1256,0.6428571428571429
44,1985,1337,1181,0.85
45,1985,1335,1272,0.9428571428571428
46,1985,1276,1192,0.0071428571428571175
47,1985,1314,1120,0.125
48,1985,1314,1292,0.05714285714285716
49,1985,1242,1120,0.34693877551020413
50,1985,1345,1120,0.37142857142857144
51,1985,1323,1314,0.6951219512195121
52,1985,1437,1207,0.8
53,1985,1437,1272,0.2857142857142857
54,1985,1437,1276,0.8
55,1985,1437,1314,0.2857142857142857
56,1985,1437,1268,0.3333333333333333
57,1985,1437,1173,0.5142857142857142
58,1985,1333,1323,0.6071428571428571
59,1985,1275,1268,0.6428571428571429
60,1985,1298,1261,0.7928571428571428
61,1985,1298,1268,0.8235294117647058
62,1985,1325,1242,0.85
63,1986,1181,1177,0.0
64,1986,1393,1298,0.30487804878048785
65,1986,1393,1135,0.05714285714285716
66,1986,1231,1156,0.15000000000000002
67,1986,1328,1177,0.3157894736842105
68,1986,1328,1318,0.20714285714285718
69,1986,1438,1177,0.3571428571428571
70,1986,1386,1350,0.37142857142857144
71,1986,1386,1156,0.125
72,1986,1298,1181,0.8571428571428571
73,1986,1298,1156,0.0
74,1986,1330,1181,0.8
75,1986,1452,1330,0.4857142857142857
76,1986,1409,1298,0.6071428571428571
77,1986,1290,1181,0.9928571428571429
78,1986,1242,1181,0.5
79,1986,1276,1235,0.30487804878048785
80,1986,1276,1103,0.05714285714285716
81,1986,1323,1114,0.15000000000000002
82,1986,1277,1242,0.8297872340425532
83,1986,1277,1207,0.5540540540540541
84,1986,1301,1242,0.7272727272727273
85,1986,1301,1235,0.4285714285714286
86,1986,1301,1234,0.37142857142857144
87,1986,1301,1114,0.125
88,1986,1396,1242,0.9166666666666666
89,1986,1396,1239,0.4857142857142857
90,1986,1275,1235,0.6071428571428571
91,1986,1449,1277,0.6428571428571429
92,1986,1403,1207,0.7928571428571428
93,1986,1299,1242,0.9928571428571429
94,1986,1246,1104,0.17021276595744683
95,1986,1246,1172,0.0071428571428571175
96,1986,1272,1261,0.34693877551020413
97,1986,1272,1123,0.15000000000000002
98,1986,1228,1104,0.44594594594594594
99,1986,1228,1193,0.20714285714285718
100,1986,1345,1261,0.37142857142857144
101,1986,1439,1437,0.3928571428571429
102,1986,1443,1246,0.8
103,1986,1443,1304,0.5142857142857142
104,1986,1437,1210,0.64
105,1986,1261,1246,0.5714285714285714
106,1986,1261,1210,0.875
107,1986,1261,1257,0.875
108,1986,1462,1104,0.6428571428571429
109,1986,1265,1210,0.9428571428571428
110,1986,1385,1120,0.19999999999999996
111,1986,1385,1286,0.0071428571428571175
112,1986,1257,1181,0.5384615384615384
113,1986,1257,1133,0.30487804878048785
114,1986,1257,1120,0.7142857142857143
115,1986,1257,1180,0.05714285714285716
116,1986,1314,1257,0.6071428571428571
117,1986,1424,1268,0.44594594594594594
118,1986,1424,1120,0.5555555555555556
119,1986,1424,1419,0.20714285714285718
120,1986,1412,1314,0.6111111111111112
121,1986,1412,1281,0.37142857142857144
122,1986,1120,1112,0.5142857142857142
123,1986,1431,1133,0.6071428571428571
124,1986,1337,1268,0.6428571428571429
125,1986,1428,1314,0.85
126,1987,1314,1276,0.08333333333333337
127,1987,1393,1314,0.5384615384615384
128,1987,1393,1196,0.22580645161290325
129,1987,1393,1204,0.05714285714285716
130,1987,1393,1344,0.22580645161290325
131,1987,1393,1231,0.5384615384615384
132,1987,1345,1196,0.38888888888888884
133,1987,1345,1318,0.15000000000000002
134,1987,1395,1323,0.44594594594594594
135,1987,1395,1267,0.20714285714285718
136,1987,1323,1314,0.8297872340425532
137,1987,1323,1292,0.3571428571428571
138,1987,1452,1443,0.3928571428571429
139,1987,1298,1276,0.5142857142857142
140,1987,1443,1393,0.64
141,1987,1301,1196,0.6285714285714286
142,1987,1335,1314,0.9928571428571429
143,1987,1207,1137,0.0071428571428571175
144,1987,1228,1122,0.15000000000000002
145,1987,1242,1207,0.8297872340425532
146,1987,1242,1222,0.3571428571428571
147,1987,1344,1207,0.7272727272727273
148,1987,1344,1104,0.7741935483870968
149,1987,1344,1122,0.125
150,1987,1309,1104,0.6951219512195121
151,1987,1309,1140,0.3928571428571429
152,1987,1326,1207,0.9166666666666666
153,1987,1326,1246,0.4857142857142857
154,1987,1412,1344,0.6285714285714286
155,1987,1283,1155,0.7928571428571428
156,1987,1283,1242,0.8235294117647058
157,1987,1299,1104,0.9428571428571428
158,1987,1231,1181,0.17021276595744683
159,1987,1231,1120,0.19999999999999996
160,1987,1231,1193,0.0071428571428571175
161,1987,1396,1261,0.36
162,1987,1396,1380,0.05714285714285716
163,1987,1385,1177,0.6111111111111112
164,1987,1360,1120,0.4857142857142857
165,1987,1261,1231,0.8333333333333334
166,1987,1261,1177,0.6923076923076923
167,1987,1261,1210,0.6071428571428571
168,1987,1455,1385,0.6285714285714286
169,1987,1401,1181,0.6428571428571429
170,1987,1462,1281,0.7928571428571428
171,1987,1462,1181,0.8235294117647058
172,1987,1256,1177,0.85
173,1987,1424,1231,0.5
174,1987,1424,1234,0.46153846153846156
175,1987,1424,1243,0.08333333333333337
176,1987,1424,1226,0.0071428571428571175
177,1987,1338,1328,0.38888888888888884
178,1987,1338,1265,0.15000000000000002
179,1987,1417,1141,0.20714285714285718
180,1987,1328,1234,0.7741935483870968
181,1987,1431,1234,0.6951219512195121
182,1987,1431,1112,0.3928571428571429
183,1987,1243,1208,0.4857142857142857
184,1987,1409,1328,0.6285714285714286
185,1987,1461,1424,1.0
186,1987,1461,1417,0.6842105263157895
187,1987,1461,1438,0.6428571428571429
188,1987,1365,1234,0.9428571428571428
189,1988,1396,1181,0.46153846153846156
190,1988,1396,1207,0.19999999999999996
191,1988,1396,1350,0.0
192,1988,1396,1250,0.0071428571428571175
193,1988,1181,1131,0.05714285714285716
194,1988,1393,1348,0.34693877551020413
195,1988,1393,1299,0.15000000000000002
196,1988,1374,1181,0.6951219512195121
197,1988,1374,1323,0.3928571428571429
198,1988,1261,1207,0.4857142857142857
199,1988,1348,1181,0.875
200,1988,1348,1281,0.6285714285714286
201,1988,1235,1210,0.6428571428571429
202,1988,1350,1231,0.7928571428571428
203,1988,1350,1210,0.8235294117647058
204,1988,1345,1243,0.2698412698412699
205,1988,1345,1272,0.08333333333333337
206,1988,1345,1192,0.0071428571428571175
207,1988,1338,1185,0.05714285714285716
208,1988,1301,1293,0.15000000000000002
209,1988,1243,1177,0.44594594594594594
210,1988,1243,1242,0.5
211,1988,1242,1181,0.7741935483870968
212,1988,1435,1338,0.6951219512195121
213,1988,1435,1242,0.5714285714285714
214,1988,1435,1429,0.3928571428571429
215,1988,1272,1124,0.4857142857142857
216,1988,1462,1242,0.6285714285714286
217,1988,1455,1177,0.6428571428571429
218,1988,1247,1243,0.7928571428571428
219,1988,1293,1242,0.875
220,1988,1328,1242,0.2727272727272727
221,1988,1328,1257,0.17021276595744683
222,1988,1328,1120,0.19999999999999996
223,1988,1328,1151,0.0071428571428571175
224,1988,1328,1112,0.5
225,1988,1257,1140,0.5540540540540541
226,1988,1437,1328,0.7272727272727273
227,1988,1437,1246,0.7741935483870968
228,1988,1437,1228,0.6111111111111112
229,1988,1437,1116,0.37142857142857144
230,1988,1268,1246,0.6951219512195121
231,1988,1133,1120,0.4857142857142857
232,1988,1364,1268,0.6071428571428571
233,1988,1333,1257,0.6428571428571429
234,1988,1150,1140,0.7928571428571428
235,1988,1427,1228,0.85
236,1988,1380,1246,0.9428571428571428
237,1988,1314,1112,0.5384615384615384
238,1988,1314,1276,0.3928571428571429
239,1988,1314,1258,0.36
240,1988,1276,1196,0.38888888888888884
241,1988,1276,1129,0.15000000000000002
242,1988,1424,1234,0.44594594594594594
243,1988,1424,1283,0.20714285714285718
244,1988,1234,1112,0.8297872340425532
245,1988,1234,1199,0.3571428571428571
246,1988,1461,1258,0.3928571428571429
247,1988,1371,1112,0.8
248,1988,1431,1371,0.4857142857142857
249,1988,1385,1196,0.6285714285714286
250,1988,1317,1314,0.9428571428571428
251,1988,1165,1112,0.9928571428571429
252,1989,1207,1181,0.46153846153846156
253,1989,1390,1373,0.15000000000000002
254,1989,1301,1207,0.8297872340425532
255,1989,1301,1234,0.5540540540540541
256,1989,1452,1181,0.6951219512195121
257,1989,1452,1397,0.3928571428571429
258,1989,1435,1323,0.5142857142857142
259,1989,1323,1207,0.9166666666666666
260,1989,1278,1181,0.875
261,1989,1278,1243,0.6285714285714286
262,1989,1376,1301,0.6428571428571429
263,1989,1353,1234,0.7928571428571428
264,1989,1373,1278,1.0
265,1989,1354,1181,0.9428571428571428
266,1989,1343,1207,0.9928571428571429
267,1989,1231,1206,0.05714285714285716
268,1989,1371,1181,0.6071428571428571
269,1989,1371,1231,0.6071428571428571
270,1989,1371,1191,0.34693877551020413
271,1989,1371,1283,0.15000000000000002
272,1989,1371,1276,0.5
273,1989,1424,1112,0.7301587301587301
274,1989,1424,1371,0.5714285714285714
275,1989,1424,1177,0.3157894736842105
276,1989,1424,1225,0.20714285714285718
277,1989,1272,1177,0.3571428571428571
278,1989,1333,1191,0.37142857142857144
279,1989,1431,1231,0.6951219512195121
280,1989,1431,1261,0.3928571428571429
281,1989,1388,1155,0.5142857142857142
282,1989,1155,1112,0.9166666666666666
283,1989,1352,1112,0.9928571428571429
284,1989,1228,1123,0.08333333333333337
285,1989,1393,1228,0.5384615384615384
286,1989,1393,1281,0.3928571428571429
287,1989,1393,1161,0.36
288,1989,1393,1137,0.05714285714285716
289,1989,1281,1166,0.15000000000000002
290,1989,1257,1228,0.7301587301587301
291,1989,1257,1116,0.44594594594594594
292,1989,1257,1114,0.20714285714285718
293,1989,1196,1161,0.3928571428571429
294,1989,1338,1123,0.5142857142857142
295,1989,1400,1281,0.6530612244897959
296,1989,1400,1210,0.6285714285714286
297,1989,1258,1116,0.6428571428571429
298,1989,1270,1228,0.9928571428571429
299,1989,1328,1256,0.08333333333333337
300,1989,1328,1190,0.0071428571428571175
301,1989,1314,1276,0.3928571428571429
302,1989,1276,1228,0.6
303,1989,1438,1328,0.8297872340425532
304,1989,1438,1276,0.6666666666666666
305,1989,1438,1344,0.3571428571428571
306,1989,1438,1292,0.17647058823529416
307,1989,1417,1314,0.6951219512195121
308,1989,1417,1235,0.3928571428571429
309,1989,1256,1247,0.4857142857142857
310,1989,1375,1276,0.6530612244897959
311,1989,1375,1104,0.6285714285714286
312,1989,1292,1199,0.7928571428571428
313,1989,1462,1276,0.85
314,1989,1380,1314,0.9428571428571428
315,1990,1163,1155,0.17021276595744683
316,1990,1163,1143,0.08333333333333337
317,1990,1163,1131,0.0071428571428571175
318,1990,1181,1163,0.6
319,1990,1181,1116,0.4285714285714286
320,1990,1247,1155,0.44594594594594594
321,1990,1155,1140,0.3571428571428571
322,1990,1385,1181,0.6111111111111112
323,1990,1417,1242,0.6951219512195121
324,1990,1417,1181,0.6
325,1990,1417,1412,0.3928571428571429
326,1990,1231,1143,0.5142857142857142
327,1990,1396,1385,0.6285714285714286
328,1990,1379,1247,0.7928571428571428
329,1990,1350,1181,0.85
330,1990,1352,1242,0.9428571428571428
331,1990,1328,1314,0.19999999999999996
332,1990,1228,1173,0.3571428571428571
333,1990,1462,1207,0.6111111111111112
334,1990,1462,1400,0.33333333333333337
335,1990,1462,1243,0.37142857142857144
336,1990,1314,1116,0.4444444444444444
337,1990,1314,1283,0.5142857142857142
338,1990,1400,1345,0.64
339,1990,1400,1116,1.0
340,1990,1400,1208,0.6071428571428571
341,1990,1173,1116,0.6842105263157895
342,1990,1343,1116,0.7928571428571428
343,1990,1411,1207,0.85
344,1990,1419,1345,0.9428571428571428
345,1990,1406,1328,0.9928571428571429
346,1990,1277,1210,0.2698412698412699
347,1990,1393,1278,0.22580645161290325
348,1990,1393,1164,0.05714285714285716
349,1990,1210,1190,0.20714285714285718
350,1990,1261,1210,0.5540540540540541
351,1990,1278,1210,0.5
352,1990,1438,1393,0.6951219512195121
353,1990,1438,1323,0.3928571428571429
354,1990,1364,1277,0.9166666666666666
355,1990,1364,1222,0.4857142857142857
356,1990,1431,1278,0.6285714285714286
357,1990,1437,1261,0.6428571428571429
358,1990,1320,1281,0.85
359,1990,1320,1278,0.875
360,1990,1293,1277,0.9928571428571429
361,1990,1424,1181,0.4
362,1990,1424,1210,0.2698412698412699
363,1990,1424,1326,0.19999999999999996
364,1990,1424,1258,0.4285714285714286
365,1990,1424,1123,0.0
366,1990,1424,1114,0.0071428571428571175
367,1990,1112,1104,0.30487804878048785
368,1990,1276,1258,0.34693877551020413
369,1990,1276,1229,0.15000000000000002
370,1990,1257,1123,0.3157894736842105
371,1990,1257,1225,0.20714285714285718
372,1990,1333,1123,0.3571428571428571
373,1990,1308,1258,0.37142857142857144
374,1990,1344,1326,0.4857142857142857
375,1990,1161,1104,0.6071428571428571
376,1990,1258,1104,0.0
377,1990,1378,1112,0.9428571428571428
378,1991,1314,1185,0.0
379,1991,1314,1242,0.4
380,1991,1393,1350,0.05714285714285716
381,1991,1329,1301,0.38888888888888884
382,1991,1329,1307,0.15000000000000002
383,1991,1417,1336,0.20714285714285718
384,1991,1280,1185,0.3571428571428571
385,1991,1437,1314,0.9166666666666666
386,1991,1437,1343,0.4857142857142857
387,1991,1396,1314,0.8333333333333334
388,1991,1396,1329,0.6923076923076923
389,1991,1396,1345,0.6071428571428571
390,1991,1396,1350,0.0
391,1991,1379,1301,0.6285714285714286
392,1991,1336,1185,0.75
393,1991,1318,1314,0.9928571428571429
394,1991,1116,1104,0.2698412698412699
395,1991,1116,1113,0.19999999999999996
396,1991,1231,1199,0.30487804878048785
397,1991,1231,1157,0.05714285714285716
398,1991,1242,1116,0.6
399,1991,1242,1231,0.6071428571428571
400,1991,1242,1181,0.6071428571428571
401,1991,1448,1104,0.5540540540540541
402,1991,1448,1256,0.3571428571428571
403,1991,1338,1242,0.6111111111111112
404,1991,1338,1208,0.37142857142857144
405,1991,1353,1113,0.4857142857142857
406,1991,1425,1199,0.6071428571428571
407,1991,1293,1104,0.7928571428571428
408,1991,1309,1242,0.85
409,1991,1209,1116,0.9928571428571429
410,1991,1326,1210,0.19999999999999996
411,1991,1181,1163,0.125
412,1991,1385,1326,0.7301587301587301
413,1991,1385,1181,0.42857142857142855
414,1991,1385,1296,0.20714285714285718
415,1991,1400,1385,0.5540540540540541
416,1991,1400,1389,0.3571428571428571
417,1991,1261,1163,0.37142857142857144
418,1991,1234,1181,0.6951219512195121
419,1991,1234,1190,0.3928571428571429
420,1991,1210,1177,0.5142857142857142
421,1991,1462,1304,0.85
422,1991,1462,1163,1.0
423,1991,1419,1181,0.9428571428571428
424,1991,1406,1326,0.9928571428571429
425,1991,1424,1181,0.46153846153846156
426,1991,1424,1371,0.4
427,1991,1424,1207,0.19999999999999996
428,1991,1424,1285,0.0071428571428571175
429,1991,1371,1112,0.6071428571428571
430,1991,1371,1166,0.34693877551020413
431,1991,1371,1337,0.15000000000000002
432,1991,1428,1424,0.7301587301587301
433,1991,1428,1277,0.44594594594594594
434,1991,1428,1375,0.20714285714285718
435,1991,1308,1166,0.37142857142857144
436,1991,1438,1140,0.3928571428571429
437,1991,1435,1207,0.4857142857142857
438,1991,1140,1112,0.64
439,1991,1453,1277,0.6428571428571429
440,1991,1384,1112,0.9428571428571428
441,1992,1181,1144,0.0071428571428571175
442,1992,1246,1181,0.5384615384615384
443,1992,1246,1235,0.36
444,1992,1269,1246,0.6071428571428571
445,1992,1269,1200,0.15000000000000002
446,1992,1371,1181,0.7301587301587301
447,1992,1371,1281,0.44594594594594594
448,1992,1371,1247,0.20714285714285718
449,1992,1393,1269,0.6111111111111112
450,1992,1393,1343,0.37142857142857144
451,1992,1400,1234,0.5142857142857142
452,1992,1234,1181,0.9166666666666666
453,1992,1235,1150,0.6071428571428571
454,1992,1452,1281,0.6428571428571429
455,1992,1330,1246,0.9428571428571428
456,1992,1417,1231,0.46153846153846156
457,1992,1417,1257,0.19999999999999996
458,1992,1417,1308,0.0
459,1992,1417,1352,0.0071428571428571175
460,1992,1231,1181,0.5384615384615384
461,1992,1231,1199,0.3928571428571429
462,1992,1231,1183,0.05714285714285716
463,1992,1207,1199,0.6111111111111112
464,1992,1261,1231,0.6951219512195121
465,1992,1261,1140,0.3928571428571429
466,1992,1448,1257,0.4857142857142857
467,1992,1378,1207,0.6285714285714286
468,1992,1308,1177,0.6428571428571429
469,1992,1418,1328,0.7928571428571428
470,1992,1418,1308,0.75
471,1992,1285,1199,0.85
472,1992,1242,1224,0.0071428571428571175
473,1992,1425,1210,0.30487804878048785
474,1992,1425,1419,0.05714285714285716
475,1992,1277,1153,0.5540540540540541
476,1992,1272,1116,0.6111111111111112
477,1992,1272,1153,0.5
478,1992,1272,1210,0.4285714285714286
479,1992,1431,1242,0.9166666666666666
480,1992,1431,1153,0.6666666666666666
481,1992,1431,1191,0.4857142857142857
482,1992,1222,1210,0.6071428571428571
483,1992,1337,1272,0.6285714285714286
484,1992,1283,1277,0.6428571428571429
485,1992,1174,1153,0.7928571428571428
486,1992,1293,1116,0.85
487,1992,1326,1314,0.2698412698412699
488,1992,1326,1276,0.2727272727272727
489,1992,1326,1163,0.08333333333333337
490,1992,1326,1290,0.0071428571428571175
491,1992,1329,1276,0.22580645161290325
492,1992,1329,1204,0.05714285714285716
493,1992,1314,1104,0.44594594594594594
494,1992,1314,1275,0.20714285714285718
495,1992,1276,1181,0.7272727272727273
496,1992,1276,1153,0.5
497,1992,1276,1190,0.125
498,1992,1304,1163,0.5142857142857142
499,1992,1408,1329,0.64
500,1992,1408,1385,0.6071428571428571
501,1992,1396,1276,0.6285714285714286
502,1992,1390,1104,0.6428571428571429
503,1992,1190,1112,0.85
504,1993,1314,1153,0.46153846153846156
505,1993,1314,1116,0.2698412698412699
506,1993,1314,1187,0.0071428571428571175
507,1993,1314,1242,0.46153846153846156
508,1993,1314,1276,0.5
509,1993,1385,1116,0.5540540540540541
510,1993,1438,1153,0.7741935483870968
511,1993,1438,1269,0.6111111111111112
512,1993,1438,1264,0.37142857142857144
513,1993,1308,1153,0.6951219512195121
514,1993,1308,1304,0.3928571428571429
515,1993,1348,1314,0.8
516,1993,1348,1345,0.5142857142857142
517,1993,1403,1385,0.6428571428571429
518,1993,1221,1116,0.7928571428571428
519,1993,1335,1269,0.85
520,1993,1164,1153,0.9428571428571428
521,1993,1242,1231,0.5384615384615384
522,1993,1242,1143,0.22580645161290325
523,1993,1242,1140,0.30487804878048785
524,1993,1242,1123,0.05714285714285716
525,1993,1181,1143,0.38888888888888884
526,1993,1257,1231,0.7301587301587301
527,1993,1257,1174,0.20714285714285718
528,1993,1329,1257,0.5540540540540541
529,1993,1329,1266,0.3571428571428571
530,1993,1462,1231,0.9166666666666666
531,1993,1462,1309,0.4857142857142857
532,1993,1374,1140,0.6071428571428571
533,1993,1261,1143,0.6285714285714286
534,1993,1356,1181,0.85
535,1993,1460,1231,0.9928571428571429
536,1993,1246,1199,0.4
537,1993,1199,1191,0.15000000000000002
538,1993,1448,1246,0.8297872340425532
539,1993,1448,1234,0.5540540540540541
540,1993,1448,1151,0.3571428571428571
541,1993,1443,1371,0.6951219512195121
542,1993,1443,1199,0.6
543,1993,1443,1272,0.3928571428571429
544,1993,1428,1246,0.8
545,1993,1428,1338,0.5142857142857142
546,1993,1408,1199,0.6530612244897959
547,1993,1408,1243,0.6285714285714286
548,1993,1419,1234,0.7928571428571428
549,1993,1398,1371,0.9428571428571428
550,1993,1351,1246,0.9928571428571429
551,1993,1276,1246,0.5
552,1993,1276,1203,0.0
553,1993,1276,1157,0.0071428571428571175
554,1993,1435,1228,0.38888888888888884
555,1993,1435,1396,0.4
556,1993,1435,1129,0.15000000000000002
557,1993,1307,1203,0.3571428571428571
558,1993,1396,1276,0.8571428571428571
559,1993,1396,1281,0.3928571428571429
560,1993,1396,1365,0.33333333333333337
561,1993,1417,1276,0.9166666666666666
562,1993,1417,1235,0.4857142857142857
563,1993,1253,1228,0.6285714285714286
564,1993,1380,1210,0.7928571428571428
565,1993,1380,1203,0.75
566,1993,1365,1112,0.9428571428571428
567,1994,1314,1130,0.08333333333333337
568,1994,1314,1251,0.0071428571428571175
569,1994,1196,1163,0.6071428571428571
570,1994,1196,1130,0.0
571,1994,1196,1181,0.6071428571428571
572,1994,1396,1231,0.44594594594594594
573,1994,1396,1180,0.20714285714285718
574,1994,1231,1130,0.6666666666666667
575,1994,1412,1203,0.3928571428571429
576,1994,1450,1130,0.5142857142857142
577,1994,1203,1163,0.64
578,1994,1335,1196,0.6530612244897959
579,1994,1335,1304,0.6285714285714286
580,1994,1325,1231,0.6428571428571429
581,1994,1241,1196,0.85
582,1994,1351,1163,0.9428571428571428
583,1994,1345,1181,0.46153846153846156
584,1994,1345,1242,0.2698412698412699
585,1994,1345,1104,0.08333333333333337
586,1994,1181,1116,0.5384615384615384
587,1994,1242,1151,0.20714285714285718
588,1994,1448,1242,0.5540540540540541
589,1994,1448,1158,0.3571428571428571
590,1994,1266,1181,0.7741935483870968
591,1994,1266,1246,0.6111111111111112
592,1994,1277,1181,0.6951219512195121
593,1994,1344,1104,0.5142857142857142
594,1994,1371,1277,0.6071428571428571
595,1994,1418,1266,0.6285714285714286
596,1994,1398,1246,0.85
597,1994,1411,1181,0.9428571428571428
598,1994,1416,1345,0.9928571428571429
599,1994,1116,1112,0.46153846153846156
600,1994,1269,1268,0.36
601,1994,1276,1116,0.6
602,1994,1276,1268,0.3076923076923077
603,1994,1329,1308,0.20714285714285718
604,1994,1417,1409,0.3571428571428571
605,1994,1400,1276,0.6111111111111112
606,1994,1387,1268,0.3928571428571429
607,1994,1228,1207,0.5142857142857142
608,1994,1207,1116,0.9166666666666666
609,1994,1443,1400,0.6285714285714286
610,1994,1409,1116,1.0
611,1994,1409,1329,0.6842105263157895
612,1994,1337,1276,0.85
613,1994,1402,1269,0.9428571428571428
614,1994,1299,1116,0.9928571428571429
615,1994,1281,1112,0.46153846153846156
616,1994,1257,1112,0.6071428571428571
617,1994,1257,1129,0.15000000000000002
618,1994,1393,1281,0.7301587301587301
619,1994,1393,1218,0.20714285714285718
620,1994,1278,1257,0.6111111111111112
621,1994,1438,1112,0.6951219512195121
622,1994,1438,1307,0.3928571428571429
623,1994,1458,1281,0.9166666666666666
624,1994,1458,1153,0.4857142857142857
625,1994,1356,1278,0.6285714285714286
626,1994,1453,1393,0.6842105263157895
627,1994,1453,1143,0.6428571428571429
628,1994,1259,1112,0.9428571428571428
629,1994,1298,1281,0.9928571428571429
630,1995,1448,1329,0.2698412698412699
631,1995,1448,1387,0.08333333333333337
632,1995,1448,1299,0.0071428571428571175
633,1995,1437,1330,0.15000000000000002
634,1995,1329,1269,0.42857142857142855
635,1995,1329,1104,0.44594594594594594
636,1995,1329,1180,0.20714285714285718
637,1995,1409,1269,0.7741935483870968
638,1995,1409,1228,0.37142857142857144
639,1995,1409,1330,0.125
640,1995,1387,1278,0.4857142857142857
641,1995,1390,1269,0.64
642,1995,1390,1150,0.6071428571428571
643,1995,1335,1104,0.6428571428571429
644,1995,1389,1269,0.9428571428571428
645,1995,1417,1329,0.2698412698412699
646,1995,1417,1163,0.46153846153846156
647,1995,1417,1280,0.17021276595744683
648,1995,1417,1281,0.19999999999999996
649,1995,1417,1198,0.0071428571428571175
650,1995,1417,1116,0.46153846153846156
651,1995,1163,1153,0.30487804878048785
652,1995,1163,1151,0.05714285714285716
653,1995,1268,1163,0.6071428571428571
654,1995,1268,1211,0.15000000000000002
655,1995,1428,1280,0.44594594594594594
656,1995,1428,1253,0.20714285714285718
657,1995,1281,1231,0.5142857142857142
658,1995,1396,1153,0.6071428571428571
659,1995,1400,1268,0.6530612244897959
660,1995,1400,1332,0.6285714285714286
661,1995,1365,1280,0.6428571428571429
662,1995,1242,1159,0.0071428571428571175
663,1995,1345,1272,0.38888888888888884
664,1995,1438,1242,0.7301587301587301
665,1995,1438,1116,0.42857142857142855
666,1995,1438,1275,0.3157894736842105
667,1995,1438,1311,0.20714285714285718
668,1995,1272,1116,0.7741935483870968
669,1995,1272,1257,0.37142857142857144
670,1995,1393,1116,0.6951219512195121
671,1995,1393,1356,0.3928571428571429
672,1995,1443,1242,0.8
673,1995,1443,1276,0.5142857142857142
674,1995,1275,1112,0.6428571428571429
675,1995,1453,1345,0.85
676,1995,1411,1116,0.9428571428571428
677,1995,1246,1113,0.17021276595744683
678,1995,1314,1116,0.5
679,1995,1314,1246,0.5384615384615384
680,1995,1314,1207,0.22580645161290325
681,1995,1314,1235,0.30487804878048785
682,1995,1314,1293,0.05714285714285716
683,1995,1328,1264,0.20714285714285718
684,1995,1235,1196,0.3928571428571429
685,1995,1408,1246,0.9166666666666666
686,1995,1408,1140,0.4857142857142857
687,1995,1462,1207,0.6285714285714286
688,1995,1123,1113,0.6428571428571429
689,1995,1264,1113,0.8235294117647058
690,1995,1451,1277,0.85
691,1995,1451,1207,0.875
692,1995,1291,1246,0.9928571428571429
693,1996,1269,1207,0.46153846153846156
694,1996,1269,1116,0.0
695,1996,1269,1246,0.5
696,1996,1403,1207,0.6071428571428571
697,1996,1403,1314,0.38888888888888884
698,1996,1403,1296,0.15000000000000002
699,1996,1266,1116,0.3157894736842105
700,1996,1336,1116,0.3571428571428571
701,1996,1314,1309,0.37142857142857144
702,1996,1307,1207,0.6951219512195121
703,1996,1307,1243,0.3928571428571429
704,1996,1390,1269,0.9166666666666666
705,1996,1390,1133,0.4857142857142857
706,1996,1284,1266,0.7928571428571428
707,1996,1290,1207,0.9428571428571428
708,1996,1416,1269,0.9928571428571429
709,1996,1448,1246,0.5384615384615384
710,1996,1448,1257,0.22580645161290325
711,1996,1448,1400,0.36
712,1996,1448,1419,0.05714285714285716
713,1996,1437,1257,0.38888888888888884
714,1996,1437,1339,0.15000000000000002
715,1996,1428,1246,0.7301587301587301
716,1996,1428,1235,0.44594594594594594
717,1996,1428,1145,0.20714285714285718
718,1996,1235,1143,0.3571428571428571
719,1996,1453,1439,0.5142857142857142
720,1996,1439,1246,0.9166666666666666
721,1996,1400,1276,0.6071428571428571
722,1996,1409,1257,0.6285714285714286
723,1996,1363,1246,0.9928571428571429
724,1996,1163,1159,0.0071428571428571175
725,1996,1210,1153,0.6071428571428571
726,1996,1210,1130,0.34693877551020413
727,1996,1210,1122,0.15000000000000002
728,1996,1417,1343,0.20714285714285718
729,1996,1280,1163,0.8297872340425532
730,1996,1280,1153,0.0
731,1996,1231,1130,0.37142857142857144
732,1996,1396,1153,0.6951219512195121
733,1996,1396,1328,0.3928571428571429
734,1996,1185,1163,0.9166666666666666
735,1996,1185,1181,0.4857142857142857
736,1996,1433,1280,0.6428571428571429
737,1996,1343,1280,0.8235294117647058
738,1996,1422,1153,0.9428571428571428
739,1996,1345,1208,0.19999999999999996
740,1996,1242,1112,0.3928571428571429
741,1996,1393,1246,0.7301587301587301
742,1996,1393,1280,0.44594594594594594
743,1996,1393,1242,0.42857142857142855
744,1996,1393,1208,0.5555555555555556
745,1996,1393,1180,0.3157894736842105
746,1996,1393,1286,0.20714285714285718
747,1996,1272,1180,0.3571428571428571
748,1996,1234,1112,0.6111111111111112
749,1996,1234,1203,0.37142857142857144
750,1996,1208,1155,0.5142857142857142
751,1996,1365,1242,0.64
752,1996,1365,1268,0.6071428571428571
753,1996,1434,1112,0.85
754,1996,1354,1242,0.9428571428571428
755,1996,1441,1345,0.9928571428571429
756,1997,1314,1143,0.17021276595744683
757,1997,1314,1257,0.2727272727272727
758,1997,1314,1160,0.08333333333333337
759,1997,1314,1193,0.0071428571428571175
760,1997,1314,1112,0.2698412698412699
761,1997,1376,1164,0.05714285714285716
762,1997,1307,1257,0.38888888888888884
763,1997,1437,1143,0.44594594594594594
764,1997,1437,1254,0.20714285714285718
765,1997,1458,1400,0.3928571428571429
766,1997,1231,1160,0.5142857142857142
767,1997,1400,1257,0.6666666666666666
768,1997,1400,1164,0.0
769,1997,1269,1257,0.6285714285714286
770,1997,1343,1143,0.6428571428571429
771,1997,1330,1307,0.85
772,1997,1242,1112,0.2698412698412699
773,1997,1242,1238,0.0071428571428571175
774,1997,1208,1151,0.15000000000000002
775,1997,1268,1158,0.3571428571428571
776,1997,1228,1151,0.125
777,1997,1345,1242,0.8
778,1997,1348,1345,0.4857142857142857
779,1997,1344,1181,0.64
780,1997,1344,1112,1.0
781,1997,1344,1266,0.6071428571428571
782,1997,1344,1151,0.0
783,1997,1425,1228,0.6285714285714286
784,1997,1158,1112,0.6842105263157895
785,1997,1375,1112,0.7928571428571428
786,1997,1293,1181,0.9428571428571428
787,1997,1278,1155,0.2698412698412699
788,1997,1278,1246,0.5
789,1997,1417,1278,0.5384615384615384
790,1997,1417,1235,0.22580645161290325
791,1997,1417,1149,0.05714285714285716
792,1997,1153,1139,0.15000000000000002
793,1997,1409,1155,0.5540540540540541
794,1997,1409,1131,0.3571428571428571
795,1997,1235,1153,0.6111111111111112
796,1997,1235,1229,0.37142857142857144
797,1997,1462,1417,0.6951219512195121
798,1997,1462,1435,0.3928571428571429
799,1997,1396,1278,0.9166666666666666
800,1997,1396,1279,0.4857142857142857
801,1997,1275,1155,0.7928571428571428
802,1997,1402,1278,0.9928571428571429
803,1997,1246,1112,0.2698412698412699
804,1997,1246,1234,0.19999999999999996
805,1997,1428,1246,0.5384615384615384
806,1997,1428,1390,0.22580645161290325
807,1997,1428,1150,0.30487804878048785
808,1997,1428,1298,0.05714285714285716
809,1997,1448,1390,0.38888888888888884
810,1997,1448,1388,0.15000000000000002
811,1997,1386,1246,0.7301587301587301
812,1997,1386,1130,0.44594594594594594
813,1997,1386,1334,0.20714285714285718
814,1997,1390,1328,0.37142857142857144
815,1997,1438,1234,0.4857142857142857
816,1997,1207,1150,0.6071428571428571
817,1997,1434,1130,0.6428571428571429
818,1997,1285,1246,0.9928571428571429
819,1998,1314,1163,0.46153846153846156
820,1998,1314,1277,0.2698412698412699
821,1998,1314,1150,0.19999999999999996
822,1998,1314,1298,0.0071428571428571175
823,1998,1376,1350,0.15000000000000002
824,1998,1277,1185,0.20714285714285718
825,1998,1343,1277,0.5540540540540541
826,1998,1462,1449,0.37142857142857144
827,1998,1231,1163,0.6951219512195121
828,1998,1227,1150,0.4857142857142857
829,1998,1328,1231,0.6071428571428571
830,1998,1449,1163,0.875
831,1998,1449,1350,0.0
832,1998,1424,1343,0.6428571428571429
833,1998,1192,1163,0.9428571428571428
834,1998,1428,1314,0.6
835,1998,1428,1112,0.6
836,1998,1428,1116,0.38888888888888884
837,1998,1428,1362,0.15000000000000002
838,1998,1428,1246,0.6071428571428571
839,1998,1268,1112,0.7301587301587301
840,1998,1268,1228,0.44594594594594594
841,1998,1397,1229,0.5142857142857142
842,1998,1229,1112,0.9166666666666666
843,1998,1452,1153,0.64
844,1998,1452,1428,0.6923076923076923
845,1998,1452,1396,0.6071428571428571
846,1998,1304,1116,0.6285714285714286
847,1998,1375,1228,0.6428571428571429
848,1998,1429,1268,0.7928571428571428
849,1998,1319,1153,0.9428571428571428
850,1998,1311,1112,0.9928571428571429
851,1998,1345,1178,0.36
852,1998,1345,1174,0.05714285714285716
853,1998,1390,1345,0.6071428571428571
854,1998,1390,1348,0.0
855,1998,1390,1158,0.15000000000000002
856,1998,1390,1246,0.6071428571428571
857,1998,1395,1199,0.3571428571428571
858,1998,1385,1178,0.3928571428571429
859,1998,1348,1242,0.8
860,1998,1348,1293,0.5142857142857142
861,1998,1444,1390,0.6530612244897959
862,1998,1444,1155,0.6285714285714286
863,1998,1434,1279,0.7928571428571428
864,1998,1434,1348,1.0
865,1998,1434,1199,0.75
866,1998,1341,1242,0.9928571428571429
867,1998,1246,1181,0.5384615384615384
868,1998,1276,1172,0.15000000000000002
869,1998,1307,1139,0.20714285714285718
870,1998,1393,1181,0.8297872340425532
871,1998,1393,1307,0.5540540540540541
872,1998,1393,1233,0.3571428571428571
873,1998,1417,1246,0.7741935483870968
874,1998,1417,1276,0.6111111111111112
875,1998,1417,1274,0.37142857142857144
876,1998,1329,1181,0.8
877,1998,1329,1203,0.5142857142857142
878,1998,1387,1246,0.64
879,1998,1387,1269,0.6071428571428571
880,1998,1354,1246,0.9428571428571428
881,1998,1347,1181,0.9928571428571429
882,1999,1181,1163,0.5
883,1999,1274,1248,0.05714285714285716
884,1999,1397,1283,0.3157894736842105
885,1999,1397,1174,0.20714285714285718
886,1999,1458,1283,0.3571428571428571
887,1999,1396,1181,0.7272727272727273
888,1999,1396,1153,0.6111111111111112
889,1999,1396,1345,0.33333333333333337
890,1999,1396,1245,0.37142857142857144
891,1999,1400,1345,0.3928571428571429
892,1999,1409,1181,0.9166666666666666
893,1999,1409,1158,0.4857142857142857
894,1999,1345,1274,0.64
895,1999,1283,1181,1.0
896,1999,1206,1153,0.85
897,1999,1197,1181,0.9928571428571429
898,1999,1277,1181,0.5
899,1999,1277,1246,0.4
900,1999,1428,1275,0.36
901,1999,1428,1117,0.05714285714285716
902,1999,1246,1242,0.38888888888888884
903,1999,1242,1191,0.37142857142857144
904,1999,1449,1275,0.3928571428571429
905,1999,1437,1279,0.5142857142857142
906,1999,1279,1277,0.9166666666666666
907,1999,1275,1246,0.6923076923076923
908,1999,1348,1150,0.6428571428571429
909,1999,1328,1277,1.0
910,1999,1328,1112,0.7928571428571428
911,1999,1328,1150,0.8235294117647058
912,1999,1308,1246,0.85
913,1999,1291,1277,0.9928571428571429
914,1999,1268,1166,0.36
915,1999,1385,1268,0.6071428571428571
916,1999,1385,1326,0.4285714285714286
917,1999,1385,1231,0.38888888888888884
918,1999,1385,1359,0.15000000000000002
919,1999,1326,1120,0.7301587301587301
920,1999,1326,1178,0.3157894736842105
921,1999,1326,1293,0.20714285714285718
922,1999,1326,1163,0.7301587301587301
923,1999,1417,1178,0.3571428571428571
924,1999,1231,1203,0.37142857142857144
925,1999,1257,1166,0.3928571428571429
926,1999,1393,1329,0.5142857142857142
927,1999,1329,1120,0.9166666666666666
928,1999,1434,1268,0.9428571428571428
929,1999,1457,1120,0.9928571428571429
930,1999,1390,1211,0.36
931,1999,1390,1108,0.05714285714285716
932,1999,1234,1163,0.8297872340425532
933,1999,1234,1116,0.5540540540540541
934,1999,1278,1211,0.3928571428571429
935,1999,1307,1163,0.9166666666666666
936,1999,1307,1281,0.4857142857142857
937,1999,1211,1163,0.8333333333333334
938,1999,1211,1196,0.6666666666666666
939,1999,1335,1196,0.6285714285714286
940,1999,1412,1234,0.6428571428571429
941,1999,1373,1116,0.7928571428571428
942,1999,1451,1314,0.85
943,1999,1451,1196,0.875
944,1999,1427,1163,0.9928571428571429
945,2000,1396,1371,0.36
946,2000,1396,1248,0.05714285714285716
947,2000,1329,1196,0.33333333333333337
948,2000,1329,1220,0.15000000000000002
949,2000,1228,1196,0.44594594594594594
950,2000,1196,1181,0.8297872340425532
951,2000,1196,1139,0.3571428571428571
952,2000,1242,1181,0.8
953,2000,1242,1177,0.5142857142857142
954,2000,1371,1329,0.6923076923076923
955,2000,1371,1332,0.6071428571428571
956,2000,1337,1329,0.6530612244897959
957,2000,1337,1231,0.6285714285714286
958,2000,1335,1228,0.7928571428571428
959,2000,1249,1181,0.9928571428571429
960,2000,1390,1314,0.19999999999999996
961,2000,1390,1354,0.0071428571428571175
962,2000,1326,1274,0.38888888888888884
963,2000,1326,1111,0.15000000000000002
964,2000,1397,1163,0.44594594594594594
965,2000,1397,1314,0.5555555555555556
966,2000,1274,1116,0.37142857142857144
967,2000,1409,1153,0.6951219512195121
968,2000,1409,1274,0.5714285714285714
969,2000,1409,1314,0.5
970,2000,1314,1196,0.3333333333333333
971,2000,1314,1281,0.5142857142857142
972,2000,1424,1409,0.6071428571428571
973,2000,1429,1163,0.6428571428571429
974,2000,1418,1397,0.7928571428571428
975,2000,1423,1153,0.9428571428571428
976,2000,1277,1196,0.17021276595744683
977,2000,1277,1235,0.46153846153846156
978,2000,1235,1120,0.30487804878048785
979,2000,1235,1148,0.05714285714285716
980,2000,1268,1233,0.15000000000000002
981,2000,1393,1277,0.7301587301587301
982,2000,1393,1246,0.44594594594594594
983,2000,1393,1359,0.20714285714285718
984,2000,1417,1235,0.7741935483870968
985,2000,1417,1268,0.6111111111111112
986,2000,1417,1123,0.37142857142857144
987,2000,1428,1277,0.8
988,2000,1428,1387,0.5142857142857142
989,2000,1166,1120,0.6071428571428571
990,2000,1382,1246,0.6428571428571429
991,2000,1434,1277,0.9928571428571429
992,2000,1385,1211,0.36
993,2000,1385,1319,0.05714285714285716
994,2000,1400,1261,0.5540540540540541
995,2000,1400,1232,0.3571428571428571
996,2000,1345,1328,0.6111111111111112
997,2000,1345,1211,0.33333333333333337
998,2000,1345,1173,0.37142857142857144
999,2000,1257,1211,0.3928571428571429
1000,2000,1458,1277,0.8
1001,2000,1458,1112,0.8
1002,2000,1458,1261,0.4444444444444444
1003,2000,1458,1345,0.0
1004,2000,1458,1201,0.5142857142857142
1005,2000,1369,1261,0.7928571428571428
1006,2000,1457,1328,0.85
1007,2000,1238,1112,0.9928571428571429
1008,2001,1181,1112,0.46153846153846156
1009,2001,1246,1234,0.30487804878048785
1010,2001,1246,1221,0.05714285714285716
1011,2001,1417,1181,0.7301587301587301
1012,2001,1417,1220,0.20714285714285718
1013,2001,1425,1181,0.7272727272727273
1014,2001,1425,1246,0.7741935483870968
1015,2001,1425,1130,0.6111111111111112
1016,2001,1425,1329,0.37142857142857144
1017,2001,1234,1166,0.3928571428571429
1018,2001,1281,1181,0.9166666666666666
1019,2001,1281,1208,0.4857142857142857
1020,2001,1429,1417,0.6842105263157895
1021,2001,1429,1326,0.6428571428571429
1022,2001,1381,1130,0.85
1023,2001,1284,1181,0.9928571428571429
1024,2001,1390,1268,0.4
1025,2001,1390,1153,0.17021276595744683
1026,2001,1390,1386,0.08333333333333337
1027,2001,1235,1214,0.05714285714285716
1028,2001,1268,1181,0.6
1029,2001,1268,1207,0.3076923076923077
1030,2001,1268,1209,0.34693877551020413
1031,2001,1268,1206,0.15000000000000002
1032,2001,1153,1140,0.3571428571428571
1033,2001,1458,1209,0.37142857142857144
1034,2001,1386,1210,0.4857142857142857
1035,2001,1207,1116,0.6071428571428571
1036,2001,1245,1231,0.7928571428571428
1037,2001,1245,1153,0.8235294117647058
1038,2001,1214,1207,1.0
1039,2001,1422,1390,0.9928571428571429
1040,2001,1228,1112,0.46153846153846156
1041,2001,1228,1150,0.08333333333333337
1042,2001,1279,1112,0.6071428571428571
1043,2001,1279,1233,0.15000000000000002
1044,2001,1242,1228,0.7301587301587301
1045,2001,1242,1169,0.20714285714285718
1046,2001,1393,1242,0.5540540540540541
1047,2001,1393,1218,0.3571428571428571
1048,2001,1323,1279,0.6111111111111112
1049,2001,1448,1139,0.3928571428571429
1050,2001,1397,1150,0.5142857142857142
1051,2001,1139,1112,0.64
1052,2001,1462,1323,0.6285714285714286
1053,2001,1183,1112,0.9428571428571428
1054,2001,1322,1228,0.9928571428571429
1055,2001,1457,1322,0.5
1056,2001,1277,1112,0.46153846153846156
1057,2001,1277,1201,0.08333333333333337
1058,2001,1277,1211,0.0
1059,2001,1277,1106,0.0071428571428571175
1060,2001,1328,1232,0.20714285714285718
1061,2001,1438,1211,0.3571428571428571
1062,2001,1400,1396,0.37142857142857144
1063,2001,1336,1314,0.6951219512195121
1064,2001,1201,1143,0.4857142857142857
1065,2001,1344,1336,0.6071428571428571
1066,2001,1396,1277,0.5714285714285714
1067,2001,1396,1196,0.6530612244897959
1068,2001,1396,1336,0.0
1069,2001,1232,1211,0.75
1070,2001,1443,1196,0.85
1071,2001,1343,1314,0.9428571428571428
1072,2002,1268,1163,0.46153846153846156
1073,2002,1268,1246,0.2698412698412699
1074,2002,1268,1242,0.5
1075,2002,1268,1231,0.17021276595744683
1076,2002,1403,1356,0.37142857142857144
1077,2002,1301,1163,0.6951219512195121
1078,2002,1301,1277,0.3928571428571429
1079,2002,1458,1268,0.8
1080,2002,1458,1385,0.5142857142857142
1081,2002,1356,1163,0.875
1082,2002,1356,1208,0.6530612244897959
1083,2002,1409,1246,0.6842105263157895
1084,2002,1409,1266,0.6428571428571429
1085,2002,1434,1246,0.7928571428571428
1086,2002,1293,1208,0.85
1087,2002,1214,1163,0.9428571428571428
1088,2002,1373,1268,0.9928571428571429
1089,2002,1373,1108,0.5
1090,2002,1242,1228,0.2698412698412699
1091,2002,1242,1221,0.0071428571428571175
1092,2002,1332,1242,0.5384615384615384
1093,2002,1332,1285,0.05714285714285716
1094,2002,1280,1270,0.15000000000000002
1095,2002,1228,1166,0.3157894736842105
1096,2002,1196,1166,0.3571428571428571
1097,2002,1400,1332,0.7741935483870968
1098,2002,1400,1280,0.6111111111111112
1099,2002,1400,1130,0.37142857142857144
1100,2002,1448,1332,0.6951219512195121
1101,2002,1448,1337,0.3928571428571429
1102,2002,1390,1242,0.8
1103,2002,1443,1390,0.4857142857142857
1104,2002,1361,1228,0.7928571428571428
1105,2002,1338,1143,0.38888888888888884
1106,2002,1338,1245,0.3076923076923077
1107,2002,1338,1148,0.15000000000000002
1108,2002,1425,1423,0.20714285714285718
1109,2002,1231,1181,0.8297872340425532
1110,2002,1329,1245,0.3928571428571429
1111,2002,1323,1181,0.8
1112,2002,1323,1150,0.5142857142857142
1113,2002,1245,1104,0.64
1114,2002,1245,1231,1.0
1115,2002,1335,1143,0.6285714285714286
1116,2002,1428,1231,0.6428571428571429
1117,2002,1423,1231,0.8235294117647058
1118,2002,1194,1104,0.9428571428571428
1119,2002,1457,1181,0.9928571428571429
1120,2002,1153,1131,0.0071428571428571175
1121,2002,1328,1231,1.0
1122,2002,1328,1112,0.3928571428571429
1123,2002,1328,1281,0.0
1124,2002,1328,1227,0.05714285714285716
1125,2002,1326,1281,0.3157894736842105
1126,2002,1326,1172,0.20714285714285718
1127,2002,1462,1328,0.6951219512195121
1128,2002,1462,1218,0.3928571428571429
1129,2002,1417,1153,0.8
1130,2002,1417,1279,0.5142857142857142
1131,2002,1417,1281,1.0
1132,2002,1461,1112,0.6530612244897959
1133,2002,1461,1211,0.6285714285714286
1134,2002,1281,1274,0.6428571428571429
1135,2002,1364,1112,0.85
1136,2003,1328,1143,0.19999999999999996
1137,2003,1328,1139,0.0
1138,2003,1448,1120,0.36
1139,2003,1448,1190,0.05714285714285716
1140,2003,1393,1328,0.6
1141,2003,1393,1329,0.38888888888888884
1142,2003,1393,1120,0.3076923076923077
1143,2003,1393,1264,0.15000000000000002
1144,2003,1393,1242,0.6071428571428571
1145,2003,1257,1139,0.3157894736842105
1146,2003,1257,1122,0.20714285714285718
1147,2003,1280,1139,0.3571428571428571
1148,2003,1386,1120,0.3928571428571429
1149,2003,1301,1143,0.4857142857142857
1150,2003,1335,1329,0.6285714285714286
1151,2003,1354,1328,0.9928571428571429
1152,2003,1400,1393,0.4
1153,2003,1400,1163,0.17021276595744683
1154,2003,1400,1277,0.1428571428571429
1155,2003,1400,1345,0.08333333333333337
1156,2003,1462,1268,0.38888888888888884
1157,2003,1462,1407,0.15000000000000002
1158,2003,1390,1163,0.44594594594594594
1159,2003,1390,1360,0.20714285714285718
1160,2003,1163,1140,0.3571428571428571
1161,2003,1277,1196,0.6951219512195121
1162,2003,1277,1268,0.5714285714285714
1163,2003,1277,1160,0.3928571428571429
1164,2003,1345,1261,0.4857142857142857
1165,2003,1423,1268,0.6285714285714286
1166,2003,1358,1196,0.9428571428571428
1167,2003,1421,1400,0.9928571428571429
1168,2003,1421,1411,0.5
1169,2003,1246,1237,0.0071428571428571175
1170,2003,1338,1266,0.3928571428571429
1171,2003,1338,1231,0.30487804878048785
1172,2003,1266,1246,0.6
1173,2003,1266,1221,0.15000000000000002
1174,2003,1266,1242,0.6071428571428571
1175,2003,1458,1246,0.8297872340425532
1176,2003,1458,1451,0.3571428571428571
1177,2003,1458,1409,0.17647058823529416
1178,2003,1281,1266,0.6111111111111112
1179,2003,1231,1104,0.3928571428571429
1180,2003,1428,1246,0.9166666666666666
1181,2003,1428,1332,0.4857142857142857
1182,2003,1356,1281,0.6285714285714286
1183,2003,1409,1173,0.7928571428571428
1184,2003,1447,1338,0.9428571428571428
1185,2003,1242,1112,0.5384615384615384
1186,2003,1242,1181,0.3928571428571429
1187,2003,1242,1113,0.36
1188,2003,1181,1141,0.34693877551020413
1189,2003,1181,1161,0.15000000000000002
1190,2003,1323,1112,0.8297872340425532
1191,2003,1323,1228,0.5540540540540541
1192,2003,1166,1141,0.37142857142857144
1193,2003,1272,1113,0.3928571428571429
1194,2003,1211,1112,0.9166666666666666
1195,2003,1211,1153,0.4857142857142857
1196,2003,1454,1323,0.6428571428571429
1197,2003,1443,1228,0.7928571428571428
1198,2003,1429,1242,0.9428571428571428
1199,2003,1436,1112,0.9928571428571429
1200,2004,1181,1106,0.0071428571428571175
1201,2004,1181,1163,0.46153846153846156
1202,2004,1400,1314,0.38888888888888884
1203,2004,1400,1343,0.15000000000000002
1204,2004,1228,1181,0.8297872340425532
1205,2004,1228,1153,0.5540540540540541
1206,2004,1314,1102,0.37142857142857144
1207,2004,1462,1181,0.8571428571428571
1208,2004,1462,1280,0.6951219512195121
1209,2004,1462,1400,0.6
1210,2004,1462,1257,0.3928571428571429
1211,2004,1371,1181,0.8
1212,2004,1371,1112,0.5142857142857142
1213,2004,1293,1228,0.6428571428571429
1214,2004,1190,1153,0.7928571428571428
1215,2004,1284,1280,0.9428571428571428
1216,2004,1390,1104,0.19999999999999996
1217,2004,1163,1104,0.7142857142857143
1218,2004,1393,1268,0.5540540540540541
1219,2004,1393,1104,0.6666666666666667
1220,2004,1393,1140,0.3571428571428571
1221,2004,1435,1163,0.7741935483870968
1222,2004,1435,1301,0.6111111111111112
1223,2004,1177,1163,0.6951219512195121
1224,2004,1177,1173,0.3928571428571429
1225,2004,1356,1104,0.4857142857142857
1226,2004,1444,1435,0.6285714285714286
1227,2004,1431,1268,0.7928571428571428
1228,2004,1418,1301,0.85
1229,2004,1436,1163,0.9428571428571428
1230,2004,1427,1390,0.9928571428571429
1231,2004,1386,1329,0.46153846153846156
1232,2004,1386,1251,0.0071428571428571175
1233,2004,1329,1272,0.30487804878048785
1234,2004,1329,1186,0.05714285714285716
1235,2004,1329,1210,0.3928571428571429
1236,2004,1338,1329,0.6071428571428571
1237,2004,1448,1386,0.7301587301587301
1238,2004,1448,1264,0.3157894736842105
1239,2004,1448,1433,0.20714285714285718
1240,2004,1458,1338,0.6111111111111112
1241,2004,1458,1350,0.37142857142857144
1242,2004,1403,1386,0.8
1243,2004,1403,1150,0.5142857142857142
1244,2004,1376,1272,0.6071428571428571
1245,2004,1264,1196,0.6428571428571429
1246,2004,1416,1338,0.85
1247,2004,1246,1197,0.0071428571428571175
1248,2004,1210,1163,0.6071428571428571
1249,2004,1210,1130,0.38888888888888884
1250,2004,1242,1210,0.5714285714285714
1251,2004,1242,1227,0.20714285714285718
1252,2004,1344,1334,0.3571428571428571
1253,2004,1449,1412,0.5142857142857142
1254,2004,1412,1246,0.9166666666666666
1255,2004,1412,1242,0.6666666666666666
1256,2004,1305,1211,0.64
1257,2004,1305,1210,0.6923076923076923
1258,2004,1305,1277,0.6071428571428571
1259,2004,1428,1130,0.6285714285714286
1260,2004,1334,1242,0.6842105263157895
1261,2004,1320,1210,0.85
1262,2004,1434,1211,0.9428571428571428
1263,2004,1250,1197,0.5
1264,2005,1449,1257,0.2698412698412699
1265,2005,1449,1334,0.19999999999999996
1266,2005,1449,1285,0.0071428571428571175
1267,2005,1448,1151,0.05714285714285716
1268,2005,1257,1210,0.44594594594594594
1269,2005,1257,1228,0.7301587301587301
1270,2005,1210,1203,0.3571428571428571
1271,2005,1403,1211,0.6111111111111112
1272,2005,1452,1448,0.6951219512195121
1273,2005,1452,1257,0.4
1274,2005,1452,1403,0.5714285714285714
1275,2005,1452,1166,0.3928571428571429
1276,2005,1338,1334,0.4857142857142857
1277,2005,1417,1403,0.6285714285714286
1278,2005,1418,1257,0.7928571428571428
1279,2005,1457,1211,0.85
1280,2005,1228,1112,0.4
1281,2005,1228,1192,0.0071428571428571175
1282,2005,1329,1112,0.3928571428571429
1283,2005,1356,1329,0.6951219512195121
1284,2005,1400,1305,0.5142857142857142
1285,2005,1305,1228,0.9166666666666666
1286,2005,1388,1356,0.6071428571428571
1287,2005,1412,1112,0.6530612244897959
1288,2005,1412,1261,0.6285714285714286
1289,2005,1454,1228,1.0
1290,2005,1454,1130,0.6842105263157895
1291,2005,1454,1104,0.6428571428571429
1292,2005,1335,1130,0.7928571428571428
1293,2005,1429,1112,0.85
1294,2005,1368,1329,0.9428571428571428
1295,2005,1181,1175,0.0071428571428571175
1296,2005,1246,1153,0.30487804878048785
1297,2005,1246,1184,0.05714285714285716
1298,2005,1328,1310,0.15000000000000002
1299,2005,1277,1181,0.8297872340425532
1300,2005,1277,1246,0.0
1301,2005,1428,1246,0.7741935483870968
1302,2005,1428,1328,0.6111111111111112
1303,2005,1390,1280,0.5142857142857142
1304,2005,1280,1181,0.9166666666666666
1305,2005,1234,1153,0.6071428571428571
1306,2005,1431,1428,0.6285714285714286
1307,2005,1330,1277,0.6428571428571429
1308,2005,1436,1393,0.7928571428571428
1309,2005,1436,1277,0.8235294117647058
1310,2005,1314,1228,0.5
1311,2005,1314,1277,0.17021276595744683
1312,2005,1314,1235,0.08333333333333337
1313,2005,1242,1137,0.15000000000000002
1314,2005,1437,1314,0.8297872340425532
1315,2005,1437,1196,0.5540540540540541
1316,2005,1437,1307,0.3571428571428571
1317,2005,1458,1314,0.7272727272727273
1318,2005,1458,1301,0.33333333333333337
1319,2005,1458,1320,0.37142857142857144
1320,2005,1458,1137,0.125
1321,2005,1278,1235,0.5142857142857142
1322,2005,1301,1163,0.64
1323,2005,1301,1150,0.6071428571428571
1324,2005,1325,1196,0.7928571428571428
1325,2005,1416,1163,0.9428571428571428
1326,2005,1324,1314,0.9928571428571429
1327,2005,1324,1105,0.5
1328,2006,1400,1261,0.5714285714285714
1329,2006,1400,1301,0.36
1330,2006,1400,1335,0.05714285714285716
1331,2006,1261,1181,0.7301587301587301
1332,2006,1261,1233,0.20714285714285718
1333,2006,1452,1400,0.7741935483870968
1334,2006,1452,1356,0.37142857142857144
1335,2006,1452,1322,0.125
1336,2006,1203,1181,0.8
1337,2006,1423,1203,0.4857142857142857
1338,2006,1301,1143,0.6071428571428571
1339,2006,1401,1261,0.6842105263157895
1340,2006,1401,1393,0.6428571428571429
1341,2006,1322,1234,0.85
1342,2006,1380,1181,0.9928571428571429
1343,2006,1272,1137,0.08333333333333337
1344,2006,1272,1133,0.0
1345,2006,1417,1261,0.5714285714285714
1346,2006,1417,1272,0.5384615384615384
1347,2006,1417,1211,0.3928571428571429
1348,2006,1417,1104,0.36
1349,2006,1417,1125,0.05714285714285716
1350,2006,1417,1196,0.3928571428571429
1351,2006,1242,1133,0.20714285714285718
1352,2006,1338,1245,0.3571428571428571
1353,2006,1338,1133,0.17647058823529416
1354,2006,1231,1211,0.6111111111111112
1355,2006,1266,1104,0.3928571428571429
1356,2006,1137,1116,0.4857142857142857
1357,2006,1361,1231,0.6285714285714286
1358,2006,1462,1211,0.85
1359,2006,1331,1272,0.9928571428571429
1360,2006,1437,1196,0.4
1361,2006,1437,1130,0.2698412698412699
1362,2006,1437,1112,0.19999999999999996
1363,2006,1437,1284,0.0071428571428571175
1364,2006,1326,1207,0.30487804878048785
1365,2006,1326,1172,0.05714285714285716
1366,2006,1305,1285,0.3571428571428571
1367,2006,1207,1196,0.6
1368,2006,1458,1112,0.4857142857142857
1369,2006,1320,1207,0.6071428571428571
1370,2006,1454,1196,0.6530612244897959
1371,2006,1454,1328,0.6285714285714286
1372,2006,1285,1130,0.6842105263157895
1373,2006,1334,1130,0.7928571428571428
1374,2006,1375,1196,0.85
1375,2006,1284,1214,0.5
1376,2006,1163,1107,0.0071428571428571175
1377,2006,1314,1206,0.34693877551020413
1378,2006,1314,1293,0.15000000000000002
1379,2006,1228,1102,0.20714285714285718
1380,2006,1449,1163,0.8297872340425532
1381,2006,1449,1228,0.5540540540540541
1382,2006,1449,1429,0.3571428571428571
1383,2006,1277,1206,0.37142857142857144
1384,2006,1455,1397,0.6951219512195121
1385,2006,1455,1371,0.3928571428571429
1386,2006,1455,1206,1.0
1387,2006,1246,1163,0.8
1388,2006,1412,1246,0.4857142857142857
1389,2006,1206,1196,0.6530612244897959
1390,2006,1206,1163,0.5714285714285714
1391,2006,1457,1397,0.9428571428571428
1392,2007,1314,1207,0.46153846153846156
1393,2007,1314,1277,0.08333333333333337
1394,2007,1314,1184,0.0071428571428571175
1395,2007,1207,1130,0.30487804878048785
1396,2007,1207,1125,0.05714285714285716
1397,2007,1450,1435,0.38888888888888884
1398,2007,1450,1331,0.15000000000000002
1399,2007,1400,1308,0.20714285714285718
1400,2007,1425,1314,0.8297872340425532
1401,2007,1425,1400,0.5540540540540541
1402,2007,1425,1116,0.3571428571428571
1403,2007,1435,1207,0.7741935483870968
1404,2007,1435,1203,0.37142857142857144
1405,2007,1277,1266,0.4857142857142857
1406,2007,1403,1130,0.6071428571428571
1407,2007,1326,1207,0.46153846153846156
1408,2007,1326,1272,0.46153846153846156
1409,2007,1326,1148,0.0071428571428571175
1410,2007,1326,1196,0.5
1411,2007,1401,1272,0.6071428571428571
1412,2007,1401,1257,0.38888888888888884
1413,2007,1401,1335,0.15000000000000002
1414,2007,1438,1397,0.44594594594594594
1415,2007,1438,1107,0.20714285714285718
1416,2007,1397,1326,0.8297872340425532
1417,2007,1397,1253,0.3571428571428571
1418,2007,1305,1272,0.6951219512195121
1419,2007,1305,1166,0.3928571428571429
1420,2007,1462,1326,0.9166666666666666
1421,2007,1462,1140,0.4857142857142857
1422,2007,1390,1257,0.6285714285714286
1423,2007,1317,1272,0.9428571428571428
1424,2007,1196,1139,0.17021276595744683
1425,2007,1458,1424,0.30487804878048785
1426,2007,1458,1394,0.05714285714285716
1427,2007,1332,1196,0.6
1428,2007,1332,1275,0.15000000000000002
1429,2007,1268,1139,0.44594594594594594
1430,2007,1268,1172,0.20714285714285718
1431,2007,1424,1332,0.6
1432,2007,1424,1210,0.3928571428571429
1433,2007,1345,1196,0.9166666666666666
1434,2007,1345,1112,0.4857142857142857
1435,2007,1457,1332,0.6530612244897959
1436,2007,1457,1323,0.6285714285714286
1437,2007,1330,1139,0.6428571428571429
1438,2007,1238,1196,0.9928571428571429
1439,2007,1417,1196,0.5384615384615384
1440,2007,1417,1242,0.5384615384615384
1441,2007,1417,1338,0.3928571428571429
1442,2007,1417,1231,0.30487804878048785
1443,2007,1356,1242,0.7301587301587301
1444,2007,1356,1221,0.20714285714285718
1445,2007,1439,1356,0.5540540540540541
1446,2007,1439,1228,0.3571428571428571
1447,2007,1231,1211,0.3928571428571429
1448,2007,1246,1242,0.8
1449,2007,1437,1246,0.4857142857142857
1450,2007,1433,1338,0.6530612244897959
1451,2007,1433,1181,0.6285714285714286
1452,2007,1460,1338,0.85
1453,2007,1451,1417,0.9428571428571428
1454,2007,1310,1242,0.9928571428571429
1455,2007,1310,1197,0.5
1456,2008,1314,1257,0.4
1457,2008,1314,1116,0.08333333333333337
1458,2008,1314,1291,0.0071428571428571175
1459,2008,1314,1242,0.5
1460,2008,1397,1257,0.3928571428571429
1461,2008,1397,1139,0.30487804878048785
1462,2008,1397,1110,0.05714285714285716
1463,2008,1257,1129,0.15000000000000002
1464,2008,1450,1314,0.7301587301587301
1465,2008,1450,1323,0.44594594594594594
1466,2008,1323,1206,0.3571428571428571
1467,2008,1328,1257,0.6111111111111112
1468,2008,1231,1116,0.5142857142857142
1469,2008,1375,1139,0.6071428571428571
1470,2008,1386,1328,0.6285714285714286
1471,2008,1457,1450,0.7928571428571428
1472,2008,1291,1164,0.5
1473,2008,1242,1172,0.16666666666666663
1474,2008,1207,1172,0.36
1475,2008,1458,1172,0.3076923076923077
1476,2008,1458,1243,0.34693877551020413
1477,2008,1458,1168,0.15000000000000002
1478,2008,1435,1373,0.20714285714285718
1479,2008,1425,1243,0.37142857142857144
1480,2008,1211,1172,0.3928571428571429
1481,2008,1424,1242,0.8
1482,2008,1424,1245,0.5142857142857142
1483,2008,1437,1242,1.0
1484,2008,1437,1155,0.6428571428571429
1485,2008,1437,1373,0.25
1486,2008,1420,1207,0.9428571428571428
1487,2008,1340,1242,0.9928571428571429
1488,2008,1272,1242,0.5
1489,2008,1400,1272,0.5384615384615384
1490,2008,1400,1390,0.3928571428571429
1491,2008,1400,1274,0.30487804878048785
1492,2008,1400,1122,0.05714285714285716
1493,2008,1390,1266,0.38888888888888884
1494,2008,1390,1165,0.15000000000000002
1495,2008,1338,1277,0.44594594594594594
1496,2008,1338,1331,0.20714285714285718
1497,2008,1277,1272,0.8297872340425532
1498,2008,1266,1246,0.37142857142857144
1499,2008,1280,1272,0.8
1500,2008,1332,1280,0.4857142857142857
1501,2008,1388,1274,0.6071428571428571
1502,2008,1396,1277,0.6428571428571429
1503,2008,1426,1272,0.9928571428571429
1504,2008,1417,1272,0.5
1505,2008,1417,1401,0.08333333333333337
1506,2008,1417,1290,0.0071428571428571175
1507,2008,1181,1125,0.05714285714285716
1508,2008,1462,1417,0.6
1509,2008,1462,1345,0.38888888888888884
1510,2008,1462,1452,0.4
1511,2008,1462,1208,0.15000000000000002
1512,2008,1345,1124,0.37142857142857144
1513,2008,1452,1181,0.6951219512195121
1514,2008,1452,1112,0.3928571428571429
1515,2008,1401,1140,0.4857142857142857
1516,2008,1443,1417,1.0
1517,2008,1443,1179,0.6428571428571429
1518,2008,1443,1360,0.25
1519,2008,1360,1163,0.7928571428571428
1520,2009,1338,1329,0.19999999999999996
1521,2009,1338,1190,0.0071428571428571175
1522,2009,1181,1127,0.05714285714285716
1523,2009,1437,1338,0.6
1524,2009,1437,1181,0.6071428571428571
1525,2009,1437,1417,0.38888888888888884
1526,2009,1437,1110,0.15000000000000002
1527,2009,1437,1314,0.6
1528,2009,1462,1338,0.7301587301587301
1529,2009,1462,1458,0.3157894736842105
1530,2009,1462,1340,0.20714285714285718
1531,2009,1400,1181,0.6951219512195121
1532,2009,1400,1278,0.3928571428571429
1533,2009,1397,1329,0.4857142857142857
1534,2009,1433,1417,0.6285714285714286
1535,2009,1458,1199,0.6428571428571429
1536,2009,1314,1211,0.2698412698412699
1537,2009,1314,1261,0.19999999999999996
1538,2009,1314,1277,0.46153846153846156
1539,2009,1328,1314,0.5384615384615384
1540,2009,1328,1276,0.36
1541,2009,1328,1288,0.05714285714285716
1542,2009,1393,1328,0.6071428571428571
1543,2009,1393,1113,0.38888888888888884
1544,2009,1393,1372,0.15000000000000002
1545,2009,1211,1103,0.20714285714285718
1546,2009,1261,1139,0.5142857142857142
1547,2009,1276,1155,0.6071428571428571
1548,2009,1396,1113,0.6285714285714286
1549,2009,1443,1211,0.6842105263157895
1550,2009,1443,1228,0.6428571428571429
1551,2009,1347,1314,0.9928571428571429
1552,2009,1257,1112,0.0
1553,2009,1277,1257,0.5384615384615384
1554,2009,1277,1242,0.3928571428571429
1555,2009,1277,1163,0.5384615384615384
1556,2009,1242,1173,0.34693877551020413
1557,2009,1448,1156,0.20714285714285718
1558,2009,1428,1112,0.3571428571428571
1559,2009,1452,1173,0.37142857142857144
1560,2009,1373,1257,0.9166666666666666
1561,2009,1373,1326,0.4857142857142857
1562,2009,1425,1277,0.64
1563,2009,1425,1130,0.6071428571428571
1564,2009,1156,1112,0.75
1565,2009,1295,1242,0.85
1566,2009,1352,1277,0.9428571428571428
1567,2009,1287,1257,0.9928571428571429
1568,2009,1287,1106,0.5
1569,2009,1163,1151,0.0071428571428571175
1570,2009,1272,1268,0.36
1571,2009,1272,1169,0.05714285714285716
1572,2009,1281,1163,0.6
1573,2009,1281,1272,0.6071428571428571
1574,2009,1281,1266,0.38888888888888884
1575,2009,1281,1165,0.15000000000000002
1576,2009,1449,1345,0.44594594594594594
1577,2009,1449,1280,0.20714285714285718
1578,2009,1345,1163,0.8297872340425532
1579,2009,1345,1320,0.3571428571428571
1580,2009,1401,1163,0.9166666666666666
1581,2009,1401,1140,0.4857142857142857
1582,2009,1268,1143,0.6071428571428571
1583,2009,1429,1266,0.6285714285714286
1584,2010,1246,1165,0.0
1585,2010,1246,1190,0.0071428571428571175
1586,2010,1452,1246,0.5384615384615384
1587,2010,1452,1281,0.36
1588,2010,1452,1449,0.125
1589,2010,1452,1288,0.05714285714285716
1590,2010,1452,1181,0.5384615384615384
1591,2010,1307,1285,0.15000000000000002
1592,2010,1458,1165,0.3157894736842105
1593,2010,1396,1165,0.3571428571428571
1594,2010,1448,1246,0.9166666666666666
1595,2010,1448,1400,0.4857142857142857
1596,2010,1281,1155,0.6071428571428571
1597,2010,1449,1307,0.6530612244897959
1598,2010,1449,1266,0.6285714285714286
1599,2010,1459,1458,0.7928571428571428
1600,2010,1181,1124,0.4
1601,2010,1181,1143,0.19999999999999996
1602,2010,1181,1115,0.0071428571428571175
1603,2010,1181,1139,0.17021276595744683
1604,2010,1437,1388,0.36
1605,2010,1437,1352,0.05714285714285716
1606,2010,1345,1181,0.7301587301587301
1607,2010,1401,1345,0.5540540540540541
1608,2010,1257,1143,0.4857142857142857
1609,2010,1388,1124,0.6923076923076923
1610,2010,1388,1350,0.6071428571428571
1611,2010,1330,1124,0.6530612244897959
1612,2010,1330,1323,0.6285714285714286
1613,2010,1429,1401,0.6428571428571429
1614,2010,1373,1345,0.7928571428571428
1615,2010,1358,1124,0.85
1616,2010,1457,1115,0.5
1617,2010,1326,1210,0.36
1618,2010,1268,1222,0.20714285714285718
1619,2010,1277,1268,0.5540540540540541
1620,2010,1277,1139,0.5
1621,2010,1397,1326,0.7741935483870968
1622,2010,1397,1277,1.0
1623,2010,1397,1361,0.37142857142857144
1624,2010,1397,1325,0.125
1625,2010,1329,1210,0.3928571428571429
1626,2010,1424,1320,0.5142857142857142
1627,2010,1320,1242,0.9166666666666666
1628,2010,1320,1277,0.3333333333333333
1629,2010,1308,1277,0.6428571428571429
1630,2010,1325,1207,0.85
1631,2010,1364,1326,0.9428571428571428
1632,2010,1250,1242,0.9928571428571429
1633,2010,1393,1139,0.17021276595744683
1634,2010,1393,1211,0.19999999999999996
1635,2010,1243,1139,1.0
1636,2010,1243,1140,0.30487804878048785
1637,2010,1338,1324,0.15000000000000002
1638,2010,1435,1293,0.20714285714285718
1639,2010,1462,1243,0.7741935483870968
1640,2010,1462,1338,0.6111111111111112
1641,2010,1462,1278,0.37142857142857144
1642,2010,1211,1199,0.5142857142857142
1643,2010,1196,1140,0.6071428571428571
1644,2010,1431,1139,0.6428571428571429
1645,2010,1293,1139,0.8235294117647058
1646,2010,1317,1243,0.9428571428571428
1647,2010,1436,1393,0.9928571428571429
1648,2011,1326,1246,0.2698412698412699
1649,2011,1326,1206,0.19999999999999996
1650,2011,1314,1246,0.5714285714285714
1651,2011,1314,1266,0.125
1652,2011,1314,1254,0.05714285714285716
1653,2011,1393,1266,0.34693877551020413
1654,2011,1393,1232,0.15000000000000002
1655,2011,1246,1163,0.5714285714285714
1656,2011,1452,1246,0.5540540540540541
1657,2011,1452,1155,0.3571428571428571
1658,2011,1462,1266,0.37142857142857144
1659,2011,1449,1314,0.6951219512195121
1660,2011,1449,1208,0.3928571428571429
1661,2011,1437,1206,0.4857142857142857
1662,2011,1412,1155,0.5
1663,2011,1343,1246,0.7928571428571428
1664,2011,1427,1326,0.9928571428571429
1665,2011,1427,1106,0.5
1666,2011,1181,1112,0.17021276595744683
1667,2011,1361,1163,0.3928571428571429
1668,2011,1361,1294,0.05714285714285716
1669,2011,1163,1112,0.33333333333333337
1670,2011,1163,1153,0.38888888888888884
1671,2011,1163,1137,0.15000000000000002
1672,2011,1163,1139,0.0
1673,2011,1400,1112,0.44594594594594594
1674,2011,1400,1324,0.20714285714285718
1675,2011,1396,1361,0.6951219512195121
1676,2011,1396,1336,0.3928571428571429
1677,2011,1276,1181,0.8
1678,2011,1397,1276,0.4857142857142857
1679,2011,1281,1153,0.6285714285714286
1680,2011,1272,1112,0.6428571428571429
1681,2011,1214,1181,0.9928571428571429
1682,2011,1338,1139,0.19999999999999996
1683,2011,1196,1140,0.3928571428571429
1684,2011,1196,1139,0.7142857142857143
1685,2011,1458,1243,0.44594594594594594
1686,2011,1458,1139,0.5555555555555556
1687,2011,1458,1125,0.20714285714285718
1688,2011,1385,1211,0.37142857142857144
1689,2011,1417,1196,0.6951219512195121
1690,2011,1417,1277,0.3928571428571429
1691,2011,1330,1139,0.4857142857142857
1692,2011,1211,1140,0.6530612244897959
1693,2011,1429,1243,0.6428571428571429
1694,2011,1459,1140,0.85
1695,2011,1364,1196,0.9428571428571428
1696,2011,1421,1338,0.9928571428571429
1697,2011,1421,1114,0.5
1698,2011,1242,1228,0.08333333333333337
1699,2011,1242,1131,0.0071428571428571175
1700,2011,1323,1199,0.36
1701,2011,1323,1103,0.05714285714285716
1702,2011,1435,1350,0.3571428571428571
1703,2011,1401,1199,0.3928571428571429
1704,2011,1424,1228,0.5142857142857142
1705,2011,1433,1139,1.0
1706,2011,1433,1242,0.5714285714285714
1707,2011,1433,1345,0.6530612244897959
1708,2011,1433,1207,0.6285714285714286
1709,2011,1433,1199,0.3333333333333333
1710,2011,1433,1425,0.5
1711,2011,1350,1242,1.0
1712,2011,1350,1287,0.25
1713,2011,1287,1257,0.7928571428571428
1714,2011,1389,1345,0.85
1715,2012,1393,1326,0.46153846153846156
1716,2012,1393,1243,0.19999999999999996
1717,2012,1326,1153,0.22580645161290325
1718,2012,1326,1211,0.30487804878048785
1719,2012,1326,1259,0.05714285714285716
1720,2012,1326,1242,0.5
1721,2012,1199,1153,0.38888888888888884
1722,2012,1458,1393,0.7301587301587301
1723,2012,1458,1435,0.44594594594594594
1724,2012,1458,1285,0.20714285714285718
1725,2012,1435,1217,0.3571428571428571
1726,2012,1379,1243,0.4857142857142857
1727,2012,1452,1211,0.6071428571428571
1728,2012,1400,1153,0.6285714285714286
1729,2012,1382,1199,0.85
1730,2012,1421,1393,0.9928571428571429
1731,2012,1314,1242,0.46153846153846156
1732,2012,1314,1166,0.19999999999999996
1733,2012,1242,1178,0.05714285714285716
1734,2012,1207,1125,0.15000000000000002
1735,2012,1396,1378,0.3571428571428571
1736,2012,1361,1301,0.37142857142857144
1737,2012,1388,1345,0.3928571428571429
1738,2012,1166,1104,0.5142857142857142
1739,2012,1345,1242,0.64
1740,2012,1301,1242,0.875
1741,2012,1301,1207,0.6530612244897959
1742,2012,1378,1143,0.5
1743,2012,1378,1325,0.25
1744,2012,1325,1314,1.0
1745,2012,1325,1276,0.7928571428571428
1746,2012,1436,1314,0.9928571428571429
1747,2012,1436,1249,0.5
1748,2012,1246,1242,0.46153846153846156
1749,2012,1246,1124,0.4
1750,2012,1246,1231,0.2698412698412699
1751,2012,1246,1235,0.19999999999999996
1752,2012,1455,1433,0.3571428571428571
1753,2012,1424,1160,0.37142857142857144
1754,2012,1235,1163,0.5142857142857142
1755,2012,1462,1124,0.6923076923076923
1756,2012,1462,1323,0.6071428571428571
1757,2012,1462,1250,0.0
1758,2012,1160,1124,0.6530612244897959
1759,2012,1433,1231,0.6842105263157895
1760,2012,1308,1231,0.7928571428571428
1761,2012,1355,1124,0.85
1762,2012,1250,1181,0.9428571428571428
1763,2012,1443,1246,0.9928571428571429
1764,2012,1443,1290,0.5
1765,2012,1277,1257,0.2698412698412699
1766,2012,1277,1254,0.0071428571428571175
1767,2012,1266,1196,0.4
1768,2012,1266,1140,0.15000000000000002
1769,2012,1257,1246,0.7301587301587301
1770,2012,1257,1196,0.6
1771,2012,1257,1172,0.20714285714285718
1772,2012,1307,1257,0.5540540540540541
1773,2012,1307,1253,0.3571428571428571
1774,2012,1293,1266,0.6111111111111112
1775,2012,1293,1161,0.37142857142857144
1776,2012,1387,1277,0.9166666666666666
1777,2012,1387,1272,0.4857142857142857
1778,2012,1438,1196,0.6071428571428571
1779,2012,1233,1140,0.5
1780,2012,1313,1281,0.9428571428571428
1781,2012,1313,1196,0.6666666666666666
1782,2013,1274,1266,0.3928571428571429
1783,2013,1274,1228,0.30487804878048785
1784,2013,1266,1139,0.38888888888888884
1785,2013,1266,1172,0.15000000000000002
1786,2013,1393,1231,0.7301587301587301
1787,2013,1393,1266,0.5714285714285714
1788,2013,1393,1143,0.3157894736842105
1789,2013,1393,1285,0.20714285714285718
1790,2013,1393,1276,0.5
1791,2013,1424,1143,0.3571428571428571
1792,2013,1139,1137,0.37142857142857144
1793,2013,1228,1160,0.3928571428571429
1794,2013,1396,1231,0.9166666666666666
1795,2013,1396,1301,0.4857142857142857
1796,2013,1334,1274,0.9428571428571428
1797,2013,1241,1231,0.9928571428571429
1798,2013,1254,1241,0.5
1799,2013,1207,1195,0.05714285714285716
1800,2013,1196,1195,0.0
1801,2013,1276,1242,0.7301587301587301
1802,2013,1276,1196,0.5714285714285714
1803,2013,1276,1257,0.7301587301587301
1804,2013,1433,1276,0.5540540540540541
1805,2013,1433,1103,0.3571428571428571
1806,2013,1417,1278,0.37142857142857144
1807,2013,1361,1328,0.3928571428571429
1808,2013,1361,1195,0.33333333333333337
1809,2013,1314,1242,0.8
1810,2013,1437,1314,0.4857142857142857
1811,2013,1278,1196,0.6530612244897959
1812,2013,1355,1276,0.7928571428571428
1813,2013,1322,1196,0.85
1814,2013,1443,1242,0.9928571428571429
1815,2013,1257,1181,0.46153846153846156
1816,2013,1257,1161,0.19999999999999996
1817,2013,1181,1166,0.30487804878048785
1818,2013,1181,1107,0.05714285714285716
1819,2013,1277,1181,0.6071428571428571
1820,2013,1277,1272,0.38888888888888884
1821,2013,1387,1332,0.3157894736842105
1822,2013,1387,1308,0.20714285714285718
1823,2013,1166,1153,0.3928571428571429
1824,2013,1281,1161,0.4857142857142857
1825,2013,1388,1272,0.6285714285714286
1826,2013,1388,1292,0.5
1827,2013,1332,1257,1.0
1828,2013,1332,1329,0.6428571428571429
1829,2013,1434,1277,0.85
1830,2013,1299,1257,0.9928571428571429
1831,2013,1299,1251,0.5
1832,2013,1326,1112,0.22580645161290325
1833,2013,1326,1235,0.36
1834,2013,1326,1233,0.05714285714285716
1835,2013,1307,1217,0.15000000000000002
1836,2013,1458,1279,0.3571428571428571
1837,2013,1323,1235,0.3928571428571429
1838,2013,1455,1257,0.9166666666666666
1839,2013,1455,1211,0.9166666666666666
1840,2013,1455,1326,0.0
1841,2013,1455,1338,0.4857142857142857
1842,2013,1455,1247,0.0
1843,2013,1125,1112,0.6285714285714286
1844,2013,1279,1247,0.25
1845,2013,1247,1243,0.7928571428571428
1846,2013,1247,1129,0.5
1847,2013,1217,1112,0.875
1848,2013,1380,1211,0.9928571428571429
1849,2014,1438,1277,0.2698412698412699
1850,2014,1438,1272,0.19999999999999996
1851,2014,1438,1157,0.0071428571428571175
1852,2014,1437,1163,0.30487804878048785
1853,2014,1235,1163,0.4
1854,2014,1277,1163,0.6
1855,2014,1277,1217,0.3157894736842105
1856,2014,1277,1174,0.20714285714285718
1857,2014,1314,1235,0.6111111111111112
1858,2014,1272,1203,0.5142857142857142
1859,2014,1386,1163,0.6071428571428571
1860,2014,1344,1314,0.6285714285714286
1861,2014,1217,1153,0.6428571428571429
1862,2014,1300,1235,0.85
1863,2014,1454,1437,0.9428571428571428
1864,2014,1196,1163,0.1428571428571429
1865,2014,1196,1173,0.4285714285714286
1866,2014,1196,1107,0.0071428571428571175
1867,2014,1242,1184,0.05714285714285716
1868,2014,1393,1173,0.34693877551020413
1869,2014,1417,1196,0.7301587301587301
1870,2014,1417,1372,0.3157894736842105
1871,2014,1417,1409,0.20714285714285718
1872,2014,1433,1372,0.3571428571428571
1873,2014,1326,1173,0.37142857142857144
1874,2014,1338,1196,0.9166666666666666
1875,2014,1338,1160,0.4857142857142857
1876,2014,1390,1242,0.64
1877,2014,1390,1307,0.6071428571428571
1878,2014,1390,1173,0.6666666666666667
1879,2014,1444,1393,0.85
1880,2014,1291,1107,0.5
1881,2014,1455,1246,0.19999999999999996
1882,2014,1455,1142,0.0071428571428571175
1883,2014,1276,1246,0.7142857142857143
1884,2014,1257,1246,0.5555555555555556
1885,2014,1387,1257,0.5540540540540541
1886,2014,1387,1301,0.3571428571428571
1887,2014,1400,1276,0.6951219512195121
1888,2014,1400,1113,0.3928571428571429
1889,2014,1246,1163,0.5
1890,2014,1246,1243,0.5142857142857142
1891,2014,1397,1276,0.875
1892,2014,1397,1269,0.6285714285714286
1893,2014,1397,1234,0.5
1894,2014,1397,1273,0.0
1895,2014,1462,1301,0.5
1896,2014,1264,1257,0.7928571428571428
1897,2014,1273,1181,0.85
1898,2014,1459,1276,0.9428571428571428
1899,2014,1411,1142,0.5
1900,2014,1458,1246,0.7142857142857143
1901,2014,1458,1112,0.5384615384615384
1902,2014,1458,1124,0.22580645161290325
1903,2014,1458,1332,0.30487804878048785
1904,2014,1458,1110,0.05714285714285716
1905,2014,1166,1124,0.38888888888888884
1906,2014,1361,1112,0.7301587301587301
1907,2014,1361,1295,0.3157894736842105
1908,2014,1361,1308,0.20714285714285718
1909,2014,1328,1295,0.3571428571428571
1910,2014,1332,1140,0.3928571428571429
1911,2014,1211,1112,0.8
1912,2014,1329,1211,0.4857142857142857
1913,2014,1304,1124,0.6285714285714286
1914,2014,1418,1166,0.85
1915,2014,1451,1112,0.9928571428571429
1916,2015,1437,1301,0.19999999999999996
1917,2015,1437,1248,0.0071428571428571175
1918,2015,1438,1277,0.30487804878048785
1919,2015,1438,1125,0.05714285714285716
1920,2015,1328,1277,0.4
1921,2015,1328,1173,0.34693877551020413
1922,2015,1328,1107,0.15000000000000002
1923,2015,1320,1257,0.5540540540540541
1924,2015,1344,1173,0.37142857142857144
1925,2015,1277,1257,0.4
1926,2015,1277,1208,0.3928571428571429
1927,2015,1277,1181,0.8571428571428571
1928,2015,1301,1257,0.4444444444444444
1929,2015,1301,1261,0.5142857142857142
1930,2015,1173,1129,0.5
1931,2015,1461,1320,0.6428571428571429
1932,2015,1414,1257,0.7928571428571428
1933,2015,1211,1181,0.5384615384615384
1934,2015,1207,1186,0.20714285714285718
1935,2015,1428,1181,0.8297872340425532
1936,2015,1428,1207,0.5540540540540541
1937,2015,1428,1372,0.3571428571428571
1938,2015,1234,1211,0.6951219512195121
1939,2015,1234,1172,0.3928571428571429
1940,2015,1361,1181,0.8
1941,2015,1385,1361,0.4857142857142857
1942,2015,1417,1211,0.875
1943,2015,1417,1374,0.6285714285714286
1944,2015,1417,1412,0.0
1945,2015,1412,1235,0.85
1946,2015,1295,1211,0.9428571428571428
1947,2015,1352,1181,0.9928571428571429
1948,2015,1352,1316,0.5
1949,2015,1246,1153,0.19999999999999996
1950,2015,1246,1214,0.0071428571428571175
1951,2015,1323,1246,0.6
1952,2015,1323,1139,0.38888888888888884
1953,2015,1323,1318,0.15000000000000002
1954,2015,1452,1246,0.8297872340425532
1955,2015,1452,1268,0.5540540540540541
1956,2015,1452,1138,0.3571428571428571
1957,2015,1455,1242,0.6951219512195121
1958,2015,1455,1323,0.6
1959,2015,1455,1231,0.3928571428571429
1960,2015,1345,1153,0.4857142857142857
1961,2015,1400,1139,0.6285714285714286
1962,2015,1434,1268,0.7928571428571428
1963,2015,1308,1242,0.9428571428571428
1964,2015,1264,1214,0.5
1965,2015,1458,1181,0.5
1966,2015,1458,1246,0.5
1967,2015,1458,1112,0.46153846153846156
1968,2015,1458,1314,0.2698412698412699
1969,2015,1458,1332,0.19999999999999996
1970,2015,1458,1157,0.0071428571428571175
1971,2015,1314,1116,0.44594594594594594
1972,2015,1314,1217,0.20714285714285718
1973,2015,1462,1112,0.7741935483870968
1974,2015,1462,1279,0.37142857142857144
1975,2015,1462,1209,0.125
1976,2015,1433,1326,0.3928571428571429
1977,2015,1332,1329,0.5142857142857142
1978,2015,1326,1112,0.64
1979,2015,1279,1140,0.5
1980,2015,1459,1116,0.6428571428571429
1981,2015,1209,1124,0.85
1982,2015,1411,1112,0.9428571428571428
1983,2016,1314,1231,0.17021276595744683
1984,2016,1314,1195,0.0071428571428571175
1985,2016,1462,1458,0.30487804878048785
1986,2016,1462,1451,0.05714285714285716
1987,2016,1452,1372,0.15000000000000002
1988,2016,1246,1231,0.44594594594594594
1989,2016,1231,1151,0.3571428571428571
1990,2016,1323,1314,0.7272727272727273
1991,2016,1323,1276,0.37142857142857144
1992,2016,1458,1323,0.5714285714285714
1993,2016,1458,1338,0.3928571428571429
1994,2016,1425,1344,0.5142857142857142
1995,2016,1344,1314,0.9166666666666666
1996,2016,1409,1276,0.5
1997,2016,1392,1246,0.7928571428571428
1998,2016,1372,1323,0.875
1999,2016,1195,1192,0.5
2000,2016,1438,1235,0.2698412698412699
2001,2016,1438,1139,0.08333333333333337
2002,2016,1438,1393,0.16666666666666663
2003,2016,1438,1214,0.0071428571428571175
2004,2016,1428,1211,0.34693877551020413
2005,2016,1428,1201,0.15000000000000002
2006,2016,1235,1114,0.3157894736842105
2007,2016,1235,1233,0.20714285714285718
2008,2016,1345,1114,0.3571428571428571
2009,2016,1371,1211,0.37142857142857144
2010,2016,1403,1139,0.5142857142857142
2011,2016,1393,1314,0.8333333333333334
2012,2016,1393,1173,0.6071428571428571
2013,2016,1393,1211,0.6666666666666667
2014,2016,1393,1292,0.0
2015,2016,1292,1277,0.9428571428571428
2016,2016,1242,1163,0.08333333333333337
2017,2016,1242,1122,0.0071428571428571175
2018,2016,1437,1314,0.5384615384615384
2019,2016,1437,1242,0.5384615384615384
2020,2016,1437,1274,0.3928571428571429
2021,2016,1437,1234,0.30487804878048785
2022,2016,1437,1421,0.05714285714285716
2023,2016,1437,1328,0.5
2024,2016,1274,1138,0.15000000000000002
2025,2016,1268,1242,0.8297872340425532
2026,2016,1268,1218,0.17647058823529416
2027,2016,1163,1160,0.4857142857142857
2028,2016,1396,1234,0.6071428571428571
2029,2016,1455,1274,0.6530612244897959
2030,2016,1455,1112,0.6285714285714286
2031,2016,1455,1435,0.5
2032,2016,1355,1268,0.6428571428571429
2033,2016,1218,1143,0.7928571428571428
2034,2016,1332,1328,0.46153846153846156
2035,2016,1332,1181,0.2698412698412699
2036,2016,1332,1221,0.0071428571428571175
2037,2016,1328,1167,0.05714285714285716
2038,2016,1401,1328,0.6071428571428571
2039,2016,1401,1320,0.34693877551020413
2040,2016,1400,1320,0.37142857142857144
2041,2016,1386,1332,0.8
2042,2016,1386,1153,0.5142857142857142
2043,2016,1433,1328,0.64
2044,2016,1433,1333,0.6071428571428571
2045,2016,1463,1181,0.6842105263157895
2046,2016,1463,1124,0.6428571428571429
2047,2016,1423,1181,0.7928571428571428
2048,2016,1453,1401,0.85
2049,2016,1380,1221,0.5
2050,2017,1437,1291,0.0071428571428571175
2051,2017,1196,1190,0.20714285714285718
2052,2017,1438,1196,0.5540540540540541
2053,2017,1438,1423,0.3571428571428571
2054,2017,1376,1181,0.6951219512195121
2055,2017,1376,1124,0.6
2056,2017,1376,1196,0.4
2057,2017,1376,1266,0.3928571428571429
2058,2017,1376,1211,0.8571428571428571
2059,2017,1458,1437,0.8
2060,2017,1458,1196,0.4444444444444444
2061,2017,1458,1439,0.5142857142857142
2062,2017,1425,1124,0.6530612244897959
2063,2017,1425,1374,0.6285714285714286
2064,2017,1425,1344,0.5
2065,2017,1308,1124,0.85
2066,2017,1407,1181,0.9428571428571428
2067,2017,1309,1291,0.5
2068,2017,1199,1195,0.15000000000000002
2069,2017,1452,1211,0.7301587301587301
2070,2017,1452,1323,0.44594594594594594
2071,2017,1452,1137,0.20714285714285718
2072,2017,1388,1112,0.6951219512195121
2073,2017,1321,1211,0.8
2074,2017,1435,1321,0.4857142857142857
2075,2017,1433,1388,0.6071428571428571
2076,2017,1462,1211,0.5714285714285714
2077,2017,1462,1112,0.875
2078,2017,1462,1199,0.6530612244897959
2079,2017,1462,1268,0.6285714285714286
2080,2017,1343,1323,0.6428571428571429
2081,2017,1315,1112,0.9428571428571428
2082,2017,1355,1211,0.9928571428571429
2083,2017,1257,1240,0.05714285714285716
2084,2017,1332,1242,0.6
2085,2017,1332,1276,0.4
2086,2017,1332,1233,0.15000000000000002
2087,2017,1332,1314,0.6
2088,2017,1345,1242,0.7301587301587301
2089,2017,1345,1235,0.44594594594594594
2090,2017,1276,1257,0.6951219512195121
2091,2017,1277,1242,0.9166666666666666
2092,2017,1277,1274,0.4857142857142857
2093,2017,1329,1276,0.6071428571428571
2094,2017,1348,1332,0.6530612244897959
2095,2017,1348,1166,0.6285714285714286
2096,2017,1305,1235,0.6428571428571429
2097,2017,1436,1345,0.7928571428571428
2098,2017,1413,1242,0.9928571428571429
2099,2017,1413,1300,0.5
2100,2017,1314,1211,0.5
2101,2017,1314,1246,0.46153846153846156
2102,2017,1314,1139,0.2698412698412699
2103,2017,1314,1116,0.19999999999999996
2104,2017,1417,1246,0.6071428571428571
2105,2017,1417,1153,0.38888888888888884
2106,2017,1417,1245,0.15000000000000002
2107,2017,1371,1116,0.4857142857142857
2108,2017,1455,1246,0.64
2109,2017,1455,1173,0.6071428571428571
2110,2017,1243,1153,0.6285714285714286
2111,2017,1448,1243,0.5
2112,2017,1292,1139,0.6842105263157895
2113,2017,1292,1278,0.6428571428571429
2114,2017,1457,1139,0.7928571428571428
2115,2017,1297,1246,0.9428571428571428
2116,2017,1411,1314,0.9928571428571429
2117,2018,1437,1403,0.4
2118,2018,1437,1104,0.08333333333333337
2119,2018,1437,1347,0.0071428571428571175
2120,2018,1437,1242,0.5
2121,2018,1437,1276,0.4
2122,2018,1345,1139,0.36
2123,2018,1345,1168,0.05714285714285716
2124,2018,1403,1345,0.6071428571428571
2125,2018,1403,1196,0.38888888888888884
2126,2018,1403,1372,0.15000000000000002
2127,2018,1455,1267,0.20714285714285718
2128,2018,1452,1437,0.8297872340425532
2129,2018,1452,1293,0.3571428571428571
2130,2018,1452,1267,0.17647058823529416
2131,2018,1439,1104,0.5142857142857142
2132,2018,1139,1116,0.6071428571428571
2133,2018,1382,1196,0.6285714285714286
2134,2018,1417,1382,0.5
2135,2018,1347,1254,0.5
2136,2018,1242,1181,0.46153846153846156
2137,2018,1242,1155,0.17021276595744683
2138,2018,1277,1137,0.15000000000000002
2139,2018,1155,1120,0.5540540540540541
2140,2018,1395,1393,0.37142857142857144
2141,2018,1348,1181,0.6951219512195121
2142,2018,1348,1328,0.3928571428571429
2143,2018,1371,1242,0.8
2144,2018,1371,1301,0.5142857142857142
2145,2018,1393,1181,0.875
2146,2018,1393,1277,0.6530612244897959
2147,2018,1393,1113,0.5
2148,2018,1308,1155,0.6428571428571429
2149,2018,1158,1120,0.7928571428571428
2150,2018,1233,1181,0.9428571428571428
2151,2018,1335,1242,0.9928571428571429
2152,2018,1438,1420,0.0071428571428571175
2153,2018,1397,1260,0.34693877551020413
2154,2018,1246,1243,0.6666666666666667
2155,2018,1246,1172,0.3571428571428571
2156,2018,1246,1138,0.17647058823529416
2157,2018,1274,1260,0.37142857142857144
2158,2018,1305,1153,0.6951219512195121
2159,2018,1305,1260,1.0
2160,2018,1243,1166,0.4857142857142857
2161,2018,1400,1305,0.6071428571428571
2162,2018,1260,1243,0.0
2163,2018,1138,1112,0.7928571428571428
2164,2018,1460,1397,0.85
2165,2018,1209,1153,0.9428571428571428
2166,2018,1420,1243,1.0
2167,2018,1462,1199,0.08333333333333337
2168,2018,1462,1411,0.0071428571428571175
2169,2018,1314,1252,0.05714285714285716
2170,2018,1276,1260,0.34693877551020413
2171,2018,1276,1222,0.38888888888888884
2172,2018,1276,1199,0.0
2173,2018,1211,1199,0.33333333333333337
2174,2018,1326,1211,0.5540540540540541
2175,2018,1401,1314,0.6951219512195121
2176,2018,1401,1276,0.6
2177,2018,1401,1344,0.3928571428571429
2178,2018,1281,1199,0.5142857142857142
2179,2018,1361,1222,0.6285714285714286
2180,2018,1355,1326,0.6428571428571429
2181,2018,1422,1211,0.7928571428571428
2182,2018,1285,1276,0.85
2183,2018,1411,1300,0.5
2184,2019,1277,1181,0.5384615384615384
2185,2019,1277,1261,0.3928571428571429
2186,2019,1277,1133,0.05714285714285716
2187,2019,1439,1181,0.7301587301587301
2188,2019,1439,1251,0.3157894736842105
2189,2019,1439,1387,0.20714285714285718
2190,2019,1280,1251,0.3571428571428571
2191,2019,1268,1261,0.6111111111111112
2192,2019,1268,1125,0.37142857142857144
2193,2019,1433,1416,0.5142857142857142
2194,2019,1416,1181,0.9166666666666666
2195,2019,1278,1277,0.64
2196,2019,1278,1257,0.6071428571428571
2197,2019,1396,1125,0.5
2198,2019,1463,1261,0.85
2199,2019,1295,1181,0.9928571428571429
2200,2019,1300,1295,0.5
2201,2019,1211,1199,0.2698412698412699
2202,2019,1211,1124,0.08333333333333337
2203,2019,1211,1192,0.0071428571428571175
2204,2019,1276,1196,0.36
2205,2019,1403,1277,0.6071428571428571
2206,2019,1403,1211,0.6
2207,2019,1403,1276,0.6071428571428571
2208,2019,1403,1138,0.38888888888888884
2209,2019,1403,1297,0.15000000000000002
2210,2019,1138,1113,0.37142857142857144
2211,2019,1305,1196,0.3928571428571429
2212,2019,1393,1124,0.5142857142857142
2213,2019,1385,1113,0.5
2214,2019,1293,1199,0.6842105263157895
2215,2019,1293,1266,0.6428571428571429
2216,2019,1436,1199,0.7928571428571428
2217,2019,1285,1276,0.9428571428571428
2218,2019,1341,1192,0.5
2219,2019,1314,1120,0.17021276595744683
2220,2019,1314,1233,0.0071428571428571175
2221,2019,1246,1222,0.3928571428571429
2222,2019,1246,1120,1.0
2223,2019,1246,1101,0.05714285714285716
2224,2019,1222,1209,0.15000000000000002
2225,2019,1242,1120,0.44594594594594594
2226,2019,1459,1246,0.6951219512195121
2227,2019,1459,1371,0.3928571428571429
2228,2019,1449,1314,0.9166666666666666
2229,2019,1449,1429,0.4857142857142857
2230,2019,1326,1222,0.6530612244897959
2231,2019,1326,1235,0.6285714285714286
2232,2019,1308,1120,0.6428571428571429
2233,2019,1318,1242,0.7928571428571428
2234,2019,1438,1403,0.4
2235,2019,1438,1120,0.17021276595744683
2236,2019,1438,1345,0.4
2237,2019,1438,1328,0.08333333333333337
2238,2019,1438,1332,0.0
2239,2019,1438,1205,0.0071428571428571175
2240,2019,1397,1345,0.3928571428571429
2241,2019,1397,1234,0.36
2242,2019,1397,1159,0.05714285714285716
2243,2019,1345,1330,0.15000000000000002
2244,2019,1458,1332,0.3571428571428571
2245,2019,1437,1345,0.6111111111111112
2246,2019,1437,1388,0.37142857142857144
2247,2019,1328,1279,0.4857142857142857
2248,2019,1234,1153,0.6071428571428571
2249,2019,1414,1243,0.7928571428571428
2250,2019,1414,1332,0.75
